102721,Name362,Email214@example.com,Phone5337085940,Address799,52,91.50
657647,Name287,Email670@example.com,Phone2323621908,Address764,32,98.72
255333,Name870,Email490@example.com,Phone8172580345,Address948,24,56.67
550349,Name847,Email730@example.com,Phone8547232958,Address183,19,57.30
227171,Name296,Email1000@example.com,Phone1721071080,Address783,33,60.40
500812,Name584,Email417@example.com,Phone7063696980,Address462,44,93.05
379262,Name713,Email449@example.com,Phone8246908236,Address281,53,81.63
660934,Name235,Email644@example.com,Phone6717664486,Address569,20,51.41
641552,Name755,Email563@example.com,Phone2696554135,Address162,60,78.25
763122,Name379,Email904@example.com,Phone1763143121,Address638,45,99.50
328560,Name14,Email548@example.com,Phone2752469467,Address370,57,88.47
714200,Name467,Email619@example.com,Phone3198975922,Address254,27,78.90
493613,Name307,Email801@example.com,Phone1122872041,Address621,30,63.37
471666,Name623,Email121@example.com,Phone5396538783,Address349,26,94.56
784727,Name952,Email893@example.com,Phone9667739559,Address79,50,68.79
648295,Name296,Email510@example.com,Phone3663146502,Address263,21,68.18
943215,Name705,Email939@example.com,Phone6405628057,Address312,32,66.69
104476,Name385,Email178@example.com,Phone3001148938,Address459,33,96.32
627623,Name537,Email797@example.com,Phone5449202031,Address760,30,80.13
169045,Name502,Email548@example.com,Phone9028679265,Address886,51,79.80
286089,Name619,Email526@example.com,Phone1231391657,Address715,48,87.45
315936,Name972,Email188@example.com,Phone5800551879,Address519,28,60.23
498793,Name417,Email248@example.com,Phone3716971755,Address706,51,66.97
557057,Name100,Email711@example.com,Phone2302942034,Address331,27,85.71
963330,Name497,Email909@example.com,Phone4181057376,Address689,29,92.55
590763,Name644,Email651@example.com,Phone1046556571,Address836,60,85.34
990882,Name950,Email517@example.com,Phone5929025948,Address314,29,90.49
497457,Name367,Email140@example.com,Phone3695216080,Address202,42,97.58
996066,Name627,Email562@example.com,Phone8937848532,Address692,40,61.93
780527,Name698,Email131@example.com,Phone3508577505,Address913,37,96.48
610997,Name974,Email245@example.com,Phone2164377358,Address880,47,54.73
650672,Name228,Email375@example.com,Phone5392808595,Address829,57,74.73
102070,Name778,Email854@example.com,Phone6398323307,Address120,23,78.11
764804,Name603,Email989@example.com,Phone4912701552,Address218,26,63.24
937565,Name269,Email840@example.com,Phone7195385337,Address658,30,79.31
669385,Name434,Email947@example.com,Phone3574120833,Address820,32,85.15
335044,Name850,Email596@example.com,Phone8658510337,Address580,30,86.58
291565,Name359,Email347@example.com,Phone4732111880,Address274,58,51.56
734765,Name819,Email848@example.com,Phone2578190648,Address251,56,92.54
178270,Name327,Email660@example.com,Phone1812540164,Address19,58,80.94
163084,Name389,Email597@example.com,Phone7070844864,Address783,18,72.26
546970,Name210,Email20@example.com,Phone1812089483,Address629,29,81.61
380036,Name355,Email415@example.com,Phone1116618832,Address223,51,73.81
316661,Name454,Email21@example.com,Phone5081365521,Address828,56,90.75
606728,Name988,Email822@example.com,Phone7262577838,Address290,46,87.16
410454,Name861,Email695@example.com,Phone2339273067,Address446,55,86.80
978688,Name358,Email257@example.com,Phone7376072440,Address281,37,59.02
907865,Name99,Email263@example.com,Phone5666646459,Address944,44,94.28
949430,Name404,Email56@example.com,Phone3929008593,Address235,47,81.63
758335,Name333,Email851@example.com,Phone6511168401,Address166,33,52.25
637959,Name669,Email60@example.com,Phone8959012517,Address751,45,72.09
935099,Name709,Email968@example.com,Phone7748674804,Address696,53,72.92
945353,Name841,Email711@example.com,Phone9486022205,Address283,51,86.26
399456,Name630,Email431@example.com,Phone5547597095,Address925,31,75.19
408318,Name5,Email420@example.com,Phone2439728301,Address156,41,99.24
698852,Name711,Email645@example.com,Phone4615805562,Address395,50,69.14
266146,Name297,Email625@example.com,Phone1040743008,Address536,57,97.41
301056,Name32,Email643@example.com,Phone1793116963,Address812,18,85.83
829750,Name697,Email32@example.com,Phone7484015637,Address238,26,68.16
876305,Name169,Email513@example.com,Phone7009279573,Address881,29,85.13
422103,Name902,Email29@example.com,Phone6422150460,Address217,24,51.18
425721,Name547,Email916@example.com,Phone7914242732,Address5,54,58.55
366534,Name140,Email771@example.com,Phone2722095743,Address249,51,73.97
158502,Name964,Email337@example.com,Phone4600039738,Address452,32,89.10
373342,Name695,Email61@example.com,Phone1288636518,Address937,52,90.76
197846,Name912,Email512@example.com,Phone9978455034,Address912,37,80.79
475274,Name234,Email709@example.com,Phone1903219327,Address797,46,76.00
819576,Name313,Email987@example.com,Phone6256253887,Address334,27,94.59
785229,Name794,Email524@example.com,Phone8909096417,Address399,40,78.19
285002,Name402,Email984@example.com,Phone3664733410,Address128,19,93.81
401760,Name390,Email202@example.com,Phone7963797846,Address539,51,87.79
474077,Name929,Email79@example.com,Phone8235203350,Address540,22,91.80
587288,Name430,Email442@example.com,Phone4755629561,Address949,60,72.83
701449,Name200,Email945@example.com,Phone4369402537,Address834,37,60.45
550957,Name820,Email977@example.com,Phone6523456672,Address404,30,68.57
255991,Name759,Email875@example.com,Phone8595689675,Address72,47,61.31
856832,Name675,Email891@example.com,Phone8977362648,Address79,32,91.50
508586,Name35,Email515@example.com,Phone7675013549,Address257,50,78.56
307920,Name351,Email695@example.com,Phone9504686921,Address687,23,62.20
641242,Name116,Email931@example.com,Phone1751543005,Address724,34,81.88
351204,Name260,Email740@example.com,Phone9450172365,Address756,27,51.20
630878,Name550,Email457@example.com,Phone6434976479,Address18,48,96.34
599466,Name421,Email604@example.com,Phone4952643306,Address433,19,58.16
274983,Name366,Email478@example.com,Phone2547801728,Address765,52,75.70
720764,Name258,Email754@example.com,Phone3009143924,Address624,57,94.02
157565,Name727,Email677@example.com,Phone7669670779,Address358,41,90.74
796461,Name18,Email402@example.com,Phone8867996300,Address335,58,59.69
742495,Name549,Email395@example.com,Phone9703565780,Address702,28,69.74
504088,Name646,Email647@example.com,Phone3248522481,Address236,22,52.41
556304,Name669,Email796@example.com,Phone6703636279,Address867,23,59.90
856745,Name920,Email374@example.com,Phone4193509622,Address277,32,67.78
450177,Name413,Email592@example.com,Phone5025124603,Address607,54,96.63
154915,Name131,Email933@example.com,Phone8579726730,Address570,40,55.27
925955,Name995,Email600@example.com,Phone4944615837,Address551,40,57.61
819907,Name766,Email179@example.com,Phone4146306191,Address783,56,56.96
904129,Name968,Email727@example.com,Phone4227776107,Address323,57,59.25
164059,Name855,Email996@example.com,Phone8744427949,Address652,30,58.68
163017,Name558,Email528@example.com,Phone1089907285,Address842,33,83.35
665777,Name317,Email94@example.com,Phone3011001310,Address327,34,53.18
530392,Name30,Email101@example.com,Phone9361725893,Address15,21,97.80
990492,Name784,Email356@example.com,Phone3408464942,Address939,30,50.15
197672,Name30,Email417@example.com,Phone8181722516,Address310,26,56.90
254427,Name261,Email349@example.com,Phone2156851484,Address593,53,60.53
520435,Name700,Email918@example.com,Phone1259304864,Address419,47,63.51
493545,Name756,Email181@example.com,Phone9477223595,Address563,25,73.49
294494,Name575,Email853@example.com,Phone3139263176,Address83,45,75.99
193486,Name140,Email45@example.com,Phone6117825362,Address402,27,82.50
358459,Name798,Email815@example.com,Phone6448895321,Address598,33,92.72
145619,Name584,Email148@example.com,Phone7057704497,Address879,55,81.60
872546,Name205,Email789@example.com,Phone9793467907,Address699,34,56.81
754843,Name284,Email751@example.com,Phone3951182689,Address180,56,83.96
947591,Name99,Email899@example.com,Phone6429714738,Address665,30,99.54
577787,Name712,Email19@example.com,Phone1153788759,Address850,36,91.33
252414,Name822,Email348@example.com,Phone6972033233,Address890,24,85.06
651962,Name589,Email663@example.com,Phone7489837830,Address262,42,99.97
708635,Name884,Email258@example.com,Phone7843225854,Address637,40,83.75
758517,Name229,Email814@example.com,Phone3266884411,Address212,26,65.68
402258,Name456,Email152@example.com,Phone9383543948,Address744,39,58.23
201346,Name163,Email952@example.com,Phone3075644948,Address635,48,79.49
753068,Name459,Email85@example.com,Phone9136571413,Address937,57,65.00
702671,Name864,Email822@example.com,Phone8271352438,Address38,58,91.17
797392,Name146,Email979@example.com,Phone7828146174,Address785,28,61.07
917305,Name944,Email551@example.com,Phone2187402644,Address107,38,63.05
867896,Name440,Email482@example.com,Phone1560738960,Address571,60,76.20
477559,Name851,Email54@example.com,Phone4985674605,Address556,36,56.40
282269,Name971,Email426@example.com,Phone5997801763,Address531,20,75.79
654110,Name672,Email337@example.com,Phone7115835941,Address560,33,91.78
762710,Name165,Email457@example.com,Phone7199155572,Address224,39,88.93
259323,Name120,Email794@example.com,Phone2814023373,Address545,45,75.09
459204,Name441,Email308@example.com,Phone7373932148,Address990,19,84.02
545041,Name416,Email902@example.com,Phone3051678026,Address198,46,67.37
412229,Name771,Email521@example.com,Phone8276269984,Address803,27,81.35
632541,Name573,Email292@example.com,Phone8468229486,Address18,50,92.73
566973,Name120,Email699@example.com,Phone4341410241,Address746,24,59.95
569234,Name314,Email471@example.com,Phone4090844891,Address117,33,97.76
157762,Name451,Email97@example.com,Phone6943597546,Address8,53,76.94
851329,Name784,Email314@example.com,Phone7606763180,Address288,36,97.79
515874,Name178,Email147@example.com,Phone7802633360,Address448,40,88.58
312600,Name75,Email339@example.com,Phone1399536907,Address365,34,82.62
152995,Name411,Email890@example.com,Phone7403058489,Address426,26,76.04
149495,Name500,Email425@example.com,Phone8457454696,Address721,60,58.01
685641,Name647,Email207@example.com,Phone1524512238,Address977,54,65.91
623091,Name953,Email265@example.com,Phone1294328315,Address592,39,67.40
741099,Name378,Email421@example.com,Phone4673454007,Address460,36,71.52
823386,Name27,Email48@example.com,Phone6065689472,Address202,44,56.48
144569,Name817,Email268@example.com,Phone3472790314,Address552,50,90.87
430069,Name583,Email444@example.com,Phone6895318230,Address522,55,83.09
466993,Name289,Email583@example.com,Phone5567836877,Address861,59,69.89
399033,Name546,Email223@example.com,Phone3195268160,Address37,37,83.46
491285,Name36,Email574@example.com,Phone3261358791,Address76,24,64.90
681025,Name881,Email537@example.com,Phone6186200216,Address537,29,64.71
815565,Name783,Email330@example.com,Phone9691310513,Address804,50,52.53
271182,Name172,Email821@example.com,Phone2547321875,Address428,27,56.33
803618,Name83,Email781@example.com,Phone7968002937,Address69,54,67.46
244955,Name226,Email704@example.com,Phone2523585288,Address1,58,99.77
886842,Name858,Email793@example.com,Phone5093183882,Address75,29,78.87
429488,Name483,Email688@example.com,Phone8162120757,Address298,43,77.03
913827,Name159,Email81@example.com,Phone2901892906,Address39,30,88.26
597821,Name78,Email821@example.com,Phone4508491017,Address327,29,82.96
775411,Name160,Email313@example.com,Phone2774694805,Address465,40,83.66
557611,Name927,Email34@example.com,Phone8311049396,Address356,58,82.24
567004,Name394,Email213@example.com,Phone8931297616,Address557,34,89.03
836242,Name453,Email65@example.com,Phone7801931999,Address336,21,81.73
664327,Name522,Email937@example.com,Phone4874617237,Address182,29,63.08
346982,Name634,Email58@example.com,Phone5415802809,Address794,33,82.40
353254,Name20,Email911@example.com,Phone6356211462,Address175,21,79.92
297422,Name326,Email5@example.com,Phone8010219562,Address248,54,67.35
913685,Name800,Email961@example.com,Phone8173754790,Address79,46,98.92
689353,Name263,Email478@example.com,Phone4830264849,Address166,24,88.88
685975,Name630,Email747@example.com,Phone8920470042,Address966,35,92.87
251059,Name890,Email104@example.com,Phone5736842681,Address232,22,80.71
395349,Name361,Email548@example.com,Phone1586387299,Address460,45,88.43
984252,Name855,Email940@example.com,Phone2506082109,Address205,23,56.49
240479,Name15,Email703@example.com,Phone9001109368,Address60,35,86.02
495340,Name710,Email949@example.com,Phone2928288854,Address751,60,65.61
292178,Name514,Email527@example.com,Phone4730471755,Address617,48,59.95
369393,Name623,Email801@example.com,Phone7652190163,Address342,27,56.44
651799,Name633,Email109@example.com,Phone2359566559,Address151,57,57.09
900047,Name507,Email670@example.com,Phone7555000317,Address104,24,75.27
201338,Name462,Email255@example.com,Phone6501474173,Address394,55,55.74
110950,Name607,Email164@example.com,Phone4844923705,Address493,24,74.40
310557,Name751,Email755@example.com,Phone7407130822,Address302,50,62.16
967427,Name754,Email116@example.com,Phone4022725082,Address229,44,86.25
191861,Name523,Email246@example.com,Phone1969562346,Address369,21,82.77
652206,Name75,Email183@example.com,Phone3636688428,Address805,57,74.53
849507,Name59,Email34@example.com,Phone7893313767,Address1,35,90.94
929029,Name90,Email653@example.com,Phone6692147101,Address379,51,98.87
224513,Name943,Email904@example.com,Phone2929892701,Address269,44,63.89
244574,Name783,Email234@example.com,Phone7792389876,Address416,53,91.49
999089,Name351,Email917@example.com,Phone2451771390,Address734,31,88.86
601403,Name960,Email519@example.com,Phone6220675690,Address632,38,78.18
131847,Name963,Email898@example.com,Phone3678638742,Address421,46,56.65
537945,Name658,Email938@example.com,Phone2384980722,Address515,39,61.39
286193,Name812,Email493@example.com,Phone9356414660,Address940,37,68.74
533336,Name313,Email190@example.com,Phone4844890121,Address295,44,81.78
373912,Name944,Email201@example.com,Phone6720188426,Address375,41,90.67
512824,Name987,Email155@example.com,Phone3376261874,Address354,57,61.58
992034,Name30,Email115@example.com,Phone5103329365,Address927,23,70.73
656179,Name703,Email961@example.com,Phone3620950720,Address853,37,74.44
851025,Name331,Email795@example.com,Phone9686742724,Address414,30,95.76
600160,Name864,Email360@example.com,Phone6770144893,Address799,18,99.63
799449,Name373,Email276@example.com,Phone3894300585,Address641,39,69.21
162089,Name657,Email746@example.com,Phone6194559525,Address942,34,84.13
681224,Name316,Email296@example.com,Phone2577202879,Address34,39,95.09
739474,Name645,Email365@example.com,Phone8783216086,Address447,41,69.78
773014,Name853,Email930@example.com,Phone8096696939,Address402,24,76.45
653032,Name660,Email77@example.com,Phone5171179280,Address638,58,59.67
625081,Name613,Email329@example.com,Phone8738039869,Address326,38,81.88
232449,Name883,Email451@example.com,Phone4385496555,Address160,52,81.62
550323,Name26,Email8@example.com,Phone4478415803,Address82,59,96.07
695581,Name228,Email236@example.com,Phone1255118191,Address903,56,75.23
670387,Name255,Email957@example.com,Phone2483515186,Address550,23,83.57
387020,Name692,Email672@example.com,Phone8944662940,Address378,26,61.51
598207,Name812,Email649@example.com,Phone8374600746,Address209,33,80.58
269255,Name567,Email450@example.com,Phone2579144406,Address362,18,58.57
845688,Name786,Email249@example.com,Phone6157182880,Address384,53,82.83
699693,Name27,Email470@example.com,Phone8589206274,Address569,30,69.69
830277,Name891,Email591@example.com,Phone7182854082,Address194,24,59.03
240237,Name704,Email565@example.com,Phone8617470574,Address681,25,55.57
738143,Name222,Email756@example.com,Phone4120289082,Address636,49,64.23
945582,Name755,Email396@example.com,Phone4857608246,Address215,28,90.29
160497,Name28,Email109@example.com,Phone3914633026,Address616,45,78.95
901154,Name721,Email2@example.com,Phone4511946341,Address741,47,56.57
662055,Name412,Email770@example.com,Phone2070677266,Address326,44,54.87
910419,Name903,Email812@example.com,Phone5674368793,Address660,59,94.69
105080,Name462,Email281@example.com,Phone8047663721,Address686,24,87.71
740472,Name27,Email451@example.com,Phone1658038133,Address979,35,89.91
217178,Name196,Email888@example.com,Phone8156527184,Address743,26,58.88
114502,Name986,Email808@example.com,Phone9401256981,Address667,38,84.08
356988,Name369,Email639@example.com,Phone9920968576,Address474,21,65.71
460971,Name181,Email809@example.com,Phone9023627946,Address283,38,52.88
186107,Name676,Email328@example.com,Phone4975632532,Address219,26,59.24
456426,Name135,Email410@example.com,Phone4767462448,Address228,59,63.08
880133,Name385,Email230@example.com,Phone7299074683,Address415,33,64.78
906105,Name381,Email822@example.com,Phone2731668008,Address736,24,84.64
499135,Name97,Email103@example.com,Phone7666109963,Address903,55,88.20
613972,Name25,Email806@example.com,Phone9973209086,Address388,57,93.82
202008,Name896,Email83@example.com,Phone9628450246,Address612,36,68.51
875244,Name811,Email18@example.com,Phone1707265038,Address726,39,73.86
858350,Name730,Email391@example.com,Phone3344279782,Address845,54,62.13
828848,Name419,Email105@example.com,Phone9380521435,Address358,19,72.63
665325,Name205,Email662@example.com,Phone2102201799,Address993,18,90.26
981165,Name414,Email219@example.com,Phone7334599579,Address860,36,98.37
307319,Name599,Email837@example.com,Phone7508894752,Address169,59,88.63
542393,Name72,Email259@example.com,Phone2158509582,Address807,48,58.39
321671,Name333,Email840@example.com,Phone9861709182,Address582,37,85.12
749471,Name681,Email982@example.com,Phone5099845457,Address520,19,92.94
531131,Name147,Email842@example.com,Phone7165309165,Address920,23,61.91
822417,Name75,Email976@example.com,Phone5780266327,Address307,25,87.02
332442,Name347,Email11@example.com,Phone5395849191,Address359,52,61.81
568283,Name112,Email440@example.com,Phone2320300635,Address519,52,87.35
261046,Name475,Email528@example.com,Phone6648953750,Address491,27,79.67
368357,Name876,Email802@example.com,Phone5752314842,Address179,22,56.43
816387,Name669,Email855@example.com,Phone2761914152,Address524,42,91.25
648108,Name407,Email305@example.com,Phone1626815353,Address925,45,89.70
921845,Name384,Email602@example.com,Phone8099663097,Address21,25,87.88
422946,Name488,Email915@example.com,Phone9191256776,Address480,42,65.59
377159,Name97,Email557@example.com,Phone6246102077,Address275,54,71.57
642070,Name823,Email373@example.com,Phone5744262027,Address269,18,83.81
820178,Name760,Email963@example.com,Phone5190949451,Address670,21,99.82
651657,Name198,Email669@example.com,Phone6378709203,Address846,50,76.67
709901,Name667,Email453@example.com,Phone5770208881,Address450,20,81.27
313680,Name68,Email338@example.com,Phone9323036669,Address175,36,86.86
306996,Name726,Email368@example.com,Phone9951873448,Address409,58,88.80
701008,Name106,Email921@example.com,Phone6435311924,Address930,58,94.36
317999,Name732,Email546@example.com,Phone8649616813,Address599,44,62.95
948577,Name282,Email145@example.com,Phone7083419963,Address428,22,51.43
256989,Name825,Email470@example.com,Phone1335505167,Address263,58,61.66
825688,Name117,Email833@example.com,Phone6617939431,Address344,53,67.13
678854,Name655,Email134@example.com,Phone6563580405,Address980,38,88.31
413364,Name613,Email2@example.com,Phone4493828706,Address73,47,55.14
606032,Name864,Email10@example.com,Phone8347079783,Address403,30,98.95
122034,Name841,Email402@example.com,Phone4452700127,Address847,55,59.01
239314,Name81,Email516@example.com,Phone5905560249,Address808,37,53.38
969929,Name7,Email824@example.com,Phone5489318870,Address605,41,98.62
784987,Name616,Email346@example.com,Phone8268632946,Address983,60,80.25
785822,Name889,Email100@example.com,Phone4491522750,Address630,26,53.98
522335,Name285,Email887@example.com,Phone7168556076,Address572,30,75.39
319414,Name661,Email820@example.com,Phone4711904418,Address389,54,78.41
680995,Name725,Email813@example.com,Phone7927028774,Address918,23,59.90
334363,Name823,Email819@example.com,Phone7621137842,Address543,35,84.17
505047,Name9,Email227@example.com,Phone7213681859,Address354,49,50.14
926053,Name235,Email714@example.com,Phone1664833651,Address57,29,90.31
617876,Name131,Email501@example.com,Phone6673286615,Address434,52,52.28
431819,Name343,Email742@example.com,Phone3661127564,Address858,54,50.15
293445,Name681,Email430@example.com,Phone6016216714,Address680,50,74.82
495948,Name415,Email764@example.com,Phone7628496198,Address824,24,89.86
671500,Name419,Email113@example.com,Phone5319233675,Address421,18,53.38
679238,Name158,Email645@example.com,Phone6268153168,Address3,21,56.55
465808,Name204,Email875@example.com,Phone5264187248,Address344,27,59.84
186547,Name831,Email830@example.com,Phone6051290468,Address670,56,88.91
619371,Name468,Email555@example.com,Phone3818872523,Address853,20,84.35
128455,Name125,Email822@example.com,Phone1019320989,Address302,43,94.00
112997,Name999,Email695@example.com,Phone9263741209,Address613,48,94.94
405650,Name64,Email663@example.com,Phone7866000258,Address833,29,64.19
162855,Name683,Email739@example.com,Phone2866075064,Address976,27,72.19
599254,Name168,Email32@example.com,Phone5738417672,Address569,57,66.29
132443,Name43,Email398@example.com,Phone7970973772,Address572,27,65.41
729562,Name82,Email765@example.com,Phone2025736023,Address607,29,69.92
103363,Name46,Email773@example.com,Phone4018283440,Address708,25,61.80
245376,Name168,Email911@example.com,Phone7621341642,Address825,45,64.96
704388,Name446,Email719@example.com,Phone1356307257,Address139,59,70.12
478223,Name831,Email569@example.com,Phone3542487041,Address749,47,93.42
564514,Name393,Email319@example.com,Phone7391055278,Address929,33,60.08
954953,Name330,Email403@example.com,Phone5357029385,Address143,40,82.05
535881,Name412,Email93@example.com,Phone6878023236,Address469,59,69.98
189241,Name477,Email624@example.com,Phone4606764011,Address325,26,96.70
987513,Name907,Email485@example.com,Phone6291114466,Address89,49,64.17
894291,Name940,Email900@example.com,Phone3563822578,Address202,35,94.44
396206,Name331,Email769@example.com,Phone3379581291,Address762,35,87.75
817457,Name197,Email893@example.com,Phone7712462457,Address457,44,78.57
682599,Name203,Email451@example.com,Phone6550488299,Address901,39,68.91
276352,Name795,Email792@example.com,Phone8504026403,Address304,23,88.73
687451,Name603,Email285@example.com,Phone9627966124,Address75,39,94.90
785717,Name192,Email456@example.com,Phone3787287115,Address934,49,85.72
663870,Name23,Email574@example.com,Phone2619115264,Address190,39,86.10
793571,Name339,Email819@example.com,Phone6640469917,Address663,42,64.59
673296,Name775,Email449@example.com,Phone3838940468,Address309,53,62.04
175794,Name908,Email177@example.com,Phone1338688094,Address516,50,64.89
272257,Name639,Email203@example.com,Phone4811719041,Address730,19,72.42
794686,Name561,Email169@example.com,Phone2011074209,Address188,29,52.30
191116,Name326,Email534@example.com,Phone9023507330,Address248,30,69.26
297792,Name43,Email440@example.com,Phone3170682862,Address184,30,86.07
341184,Name791,Email894@example.com,Phone3825127490,Address689,22,95.43
138363,Name477,Email684@example.com,Phone9858899507,Address568,34,63.95
687607,Name701,Email416@example.com,Phone1003831895,Address202,54,54.58
347266,Name858,Email133@example.com,Phone6708759495,Address164,43,84.26
258006,Name244,Email732@example.com,Phone6132966975,Address591,39,73.33
652948,Name851,Email211@example.com,Phone8869837223,Address749,40,75.17
145861,Name944,Email985@example.com,Phone8823892591,Address251,55,58.04
619381,Name664,Email193@example.com,Phone9832286779,Address553,23,60.21
202636,Name733,Email971@example.com,Phone6387259709,Address44,36,63.99
762477,Name249,Email282@example.com,Phone1645320279,Address337,60,74.35
712824,Name974,Email658@example.com,Phone7054183730,Address773,30,60.63
697764,Name894,Email179@example.com,Phone8589737228,Address645,28,86.75
679610,Name498,Email763@example.com,Phone6769293323,Address997,33,75.93
240279,Name394,Email845@example.com,Phone9249524193,Address519,38,69.55
976627,Name908,Email728@example.com,Phone5077283595,Address926,29,68.36
217065,Name241,Email52@example.com,Phone9358364775,Address907,55,82.39
363489,Name479,Email962@example.com,Phone9310435385,Address947,21,87.64
624308,Name910,Email473@example.com,Phone8132921963,Address149,49,69.00
281715,Name889,Email697@example.com,Phone5281259955,Address52,38,72.72
795877,Name895,Email307@example.com,Phone4968439005,Address216,21,89.68
365718,Name209,Email396@example.com,Phone6734241322,Address784,19,70.60
218925,Name981,Email811@example.com,Phone3463103730,Address775,48,99.68
577994,Name562,Email229@example.com,Phone2937342049,Address226,53,63.91
389385,Name865,Email756@example.com,Phone6125369089,Address418,20,91.31
726216,Name202,Email496@example.com,Phone1953313261,Address403,31,83.17
468286,Name125,Email422@example.com,Phone9807305158,Address768,50,76.67
934678,Name479,Email988@example.com,Phone3725120443,Address477,51,76.53
133264,Name746,Email571@example.com,Phone7902043942,Address728,33,92.10
893321,Name823,Email687@example.com,Phone7376057350,Address130,57,86.51
390393,Name179,Email847@example.com,Phone5620107542,Address845,30,66.07
586790,Name794,Email792@example.com,Phone9358940554,Address236,50,65.45
237261,Name201,Email657@example.com,Phone6728784269,Address638,27,71.00
252054,Name760,Email140@example.com,Phone2559961030,Address222,37,66.07
333553,Name513,Email337@example.com,Phone1401124218,Address720,39,58.20
145452,Name585,Email774@example.com,Phone9271402220,Address779,53,65.06
383794,Name432,Email603@example.com,Phone8749092521,Address727,43,83.46
552919,Name437,Email799@example.com,Phone5394031546,Address524,50,86.82
153347,Name287,Email206@example.com,Phone8854751215,Address819,46,87.71
209429,Name45,Email91@example.com,Phone1032167558,Address906,59,66.37
752176,Name591,Email465@example.com,Phone5193616542,Address749,55,86.14
363269,Name892,Email984@example.com,Phone8708125644,Address522,50,92.76
956893,Name730,Email886@example.com,Phone1660058762,Address367,39,55.69
395533,Name468,Email694@example.com,Phone4143614312,Address736,60,80.83
973230,Name859,Email795@example.com,Phone7068298865,Address878,58,68.97
146807,Name928,Email273@example.com,Phone5770348582,Address672,58,89.84
139311,Name434,Email600@example.com,Phone3185839001,Address665,50,69.09
251528,Name917,Email706@example.com,Phone9465705932,Address125,26,82.71
720916,Name591,Email606@example.com,Phone9293966674,Address286,29,75.72
597111,Name884,Email199@example.com,Phone6810766751,Address695,26,62.38
236163,Name293,Email748@example.com,Phone4469586110,Address4,37,55.70
104078,Name892,Email134@example.com,Phone9144549711,Address512,49,93.35
885015,Name491,Email878@example.com,Phone9859332227,Address894,27,77.85
311161,Name434,Email621@example.com,Phone3496384383,Address685,24,52.09
322133,Name181,Email780@example.com,Phone4301894954,Address142,40,93.29
979691,Name275,Email571@example.com,Phone5170866114,Address484,55,71.11
276830,Name855,Email360@example.com,Phone4267995851,Address90,47,97.87
211181,Name688,Email265@example.com,Phone3973011112,Address18,42,70.08
559924,Name301,Email30@example.com,Phone1572614687,Address72,30,67.80
990610,Name941,Email583@example.com,Phone8768098340,Address426,31,86.66
224428,Name640,Email965@example.com,Phone6509495960,Address410,48,81.42
437640,Name313,Email573@example.com,Phone2772606777,Address306,30,56.27
614797,Name297,Email113@example.com,Phone4814234848,Address483,43,79.41
424374,Name289,Email174@example.com,Phone2583582628,Address297,18,58.22
742685,Name281,Email584@example.com,Phone2471364286,Address792,44,76.98
518727,Name792,Email657@example.com,Phone3841064543,Address326,35,78.64
625362,Name520,Email190@example.com,Phone8314359822,Address958,31,78.26
365699,Name181,Email460@example.com,Phone7326411894,Address580,41,86.74
767457,Name410,Email433@example.com,Phone4233507188,Address79,23,95.93
761541,Name652,Email121@example.com,Phone6724398007,Address178,53,85.86
814170,Name909,Email846@example.com,Phone5419895027,Address275,34,86.28
717055,Name744,Email821@example.com,Phone7212730126,Address261,33,53.57
301428,Name803,Email659@example.com,Phone1390928909,Address96,36,65.34
967438,Name454,Email105@example.com,Phone9059400223,Address711,46,84.28
546142,Name199,Email289@example.com,Phone8369016836,Address813,29,74.45
591411,Name436,Email315@example.com,Phone4124101159,Address390,51,51.54
556637,Name364,Email39@example.com,Phone7214630168,Address936,39,87.13
925342,Name819,Email361@example.com,Phone9639798388,Address857,45,97.99
618159,Name292,Email818@example.com,Phone4760544537,Address89,44,75.58
556924,Name355,Email565@example.com,Phone9113663127,Address758,57,93.38
975638,Name662,Email341@example.com,Phone6397639777,Address890,49,53.78
746489,Name201,Email262@example.com,Phone9211768612,Address543,52,67.84
139612,Name694,Email660@example.com,Phone4780681800,Address705,55,88.51
610473,Name504,Email204@example.com,Phone6164995294,Address878,32,98.58
965217,Name288,Email424@example.com,Phone4503036151,Address948,32,54.46
145241,Name833,Email1000@example.com,Phone1553185115,Address510,40,55.33
704702,Name37,Email545@example.com,Phone9231122919,Address62,20,66.24
324745,Name669,Email294@example.com,Phone4143665291,Address14,51,50.79
246320,Name596,Email921@example.com,Phone9752563010,Address639,51,85.45
127761,Name542,Email614@example.com,Phone1250696267,Address92,27,74.19
182930,Name703,Email713@example.com,Phone2913827831,Address891,39,60.39
561204,Name833,Email766@example.com,Phone4802798906,Address588,54,78.41
672556,Name206,Email676@example.com,Phone8937983497,Address420,53,74.21
319967,Name660,Email454@example.com,Phone6270646090,Address888,24,87.51
144751,Name49,Email129@example.com,Phone6614612339,Address101,35,61.60
229273,Name584,Email483@example.com,Phone8316746633,Address127,57,88.13
236161,Name582,Email634@example.com,Phone4091394080,Address77,22,50.03
374538,Name612,Email588@example.com,Phone5617574624,Address481,42,92.48
949050,Name607,Email515@example.com,Phone3994254457,Address785,21,63.87
724730,Name285,Email777@example.com,Phone3333330727,Address229,29,70.11
841627,Name116,Email301@example.com,Phone8481653480,Address98,40,81.46
572547,Name20,Email535@example.com,Phone8384313253,Address916,46,62.58
726196,Name593,Email999@example.com,Phone4272481277,Address999,51,94.53
892260,Name158,Email632@example.com,Phone8738501595,Address105,37,99.49
541709,Name966,Email558@example.com,Phone5832581256,Address532,29,67.72
895717,Name955,Email816@example.com,Phone8328165497,Address120,18,84.41
621847,Name802,Email996@example.com,Phone2618987687,Address600,43,53.42
230146,Name327,Email714@example.com,Phone1757794448,Address923,58,79.64
625219,Name382,Email872@example.com,Phone7440339708,Address345,27,75.71
415320,Name918,Email316@example.com,Phone5677229455,Address465,55,67.55
277289,Name886,Email927@example.com,Phone7319670588,Address17,48,73.76
155281,Name49,Email748@example.com,Phone1173892181,Address460,47,82.34
639373,Name311,Email774@example.com,Phone2633125716,Address725,26,67.84
553864,Name566,Email240@example.com,Phone9587519322,Address752,45,76.40
346078,Name730,Email355@example.com,Phone6943749931,Address24,42,65.33
490510,Name489,Email205@example.com,Phone7324321948,Address507,37,89.12
247228,Name861,Email232@example.com,Phone3671054051,Address267,29,52.18
653070,Name586,Email394@example.com,Phone3894881757,Address492,29,60.42
358249,Name680,Email784@example.com,Phone4564126424,Address918,54,62.73
362228,Name707,Email799@example.com,Phone2289960426,Address810,57,58.05
859671,Name168,Email232@example.com,Phone2977396086,Address680,30,93.15
478233,Name936,Email527@example.com,Phone4268277511,Address975,19,80.57
626132,Name504,Email276@example.com,Phone2795738365,Address195,27,92.91
107327,Name976,Email316@example.com,Phone4061331620,Address452,46,61.77
256201,Name480,Email430@example.com,Phone8196832229,Address26,50,69.61
677140,Name504,Email577@example.com,Phone1418886053,Address186,59,86.76
469676,Name705,Email620@example.com,Phone3669732310,Address332,21,74.69
924413,Name729,Email905@example.com,Phone2216991116,Address967,25,85.94
280458,Name701,Email921@example.com,Phone9591771892,Address599,57,52.91
767718,Name125,Email968@example.com,Phone4120078166,Address894,34,59.52
445354,Name776,Email701@example.com,Phone4860307084,Address429,59,56.04
215670,Name749,Email230@example.com,Phone1242481915,Address524,43,86.58
514106,Name613,Email948@example.com,Phone5003781160,Address638,38,52.31
660062,Name578,Email352@example.com,Phone1429934605,Address645,46,84.86
201113,Name64,Email758@example.com,Phone9442581079,Address491,58,71.84
388550,Name826,Email559@example.com,Phone3140930476,Address555,28,58.97
647798,Name73,Email485@example.com,Phone1307464368,Address504,45,97.14
160153,Name899,Email220@example.com,Phone5888193204,Address713,26,64.78
534027,Name217,Email835@example.com,Phone7178459922,Address658,49,75.93
205260,Name301,Email593@example.com,Phone3827038686,Address204,23,87.98
301280,Name541,Email938@example.com,Phone4739931072,Address597,60,78.33
814277,Name761,Email651@example.com,Phone6945244110,Address345,24,84.62
509052,Name71,Email283@example.com,Phone1519668160,Address26,49,56.84
802876,Name664,Email72@example.com,Phone1229360647,Address870,21,63.50
225637,Name757,Email44@example.com,Phone9245066643,Address675,39,95.67
108722,Name723,Email566@example.com,Phone6137565165,Address357,19,61.31
692836,Name135,Email479@example.com,Phone3030210711,Address436,40,96.89
344442,Name688,Email968@example.com,Phone6386631239,Address334,19,51.24
421624,Name416,Email1@example.com,Phone9163887140,Address888,54,82.21
601527,Name407,Email314@example.com,Phone9035133494,Address3,32,75.04
747853,Name833,Email217@example.com,Phone1393879514,Address975,27,64.02
897543,Name352,Email665@example.com,Phone6742634740,Address505,52,65.14
276821,Name852,Email590@example.com,Phone4000395041,Address607,36,62.27
786923,Name452,Email468@example.com,Phone3124077960,Address859,49,51.60
572060,Name913,Email370@example.com,Phone8412589359,Address150,58,53.50
730129,Name512,Email40@example.com,Phone8696510552,Address355,26,73.53
183737,Name241,Email556@example.com,Phone2192066481,Address881,25,74.09
252008,Name289,Email90@example.com,Phone4814407474,Address785,35,64.99
727797,Name383,Email546@example.com,Phone6086221588,Address361,54,84.31
112606,Name159,Email971@example.com,Phone4729814314,Address685,18,54.44
637155,Name389,Email71@example.com,Phone1912158181,Address681,27,92.30
331092,Name141,Email226@example.com,Phone7000891046,Address243,20,60.27
345615,Name240,Email901@example.com,Phone1585413517,Address848,40,95.72
454216,Name149,Email56@example.com,Phone6361804225,Address556,44,88.23
532788,Name930,Email884@example.com,Phone1640255521,Address892,58,87.21
751181,Name499,Email303@example.com,Phone1939373754,Address281,29,86.76
244853,Name776,Email943@example.com,Phone6110529241,Address316,24,90.85
321829,Name621,Email492@example.com,Phone3915222014,Address90,32,64.24
852473,Name647,Email577@example.com,Phone8021276330,Address893,37,72.10
676294,Name114,Email374@example.com,Phone6994642577,Address995,23,80.31
902628,Name576,Email561@example.com,Phone3689010464,Address750,44,78.51
727708,Name54,Email475@example.com,Phone2523618260,Address839,28,60.81
428754,Name602,Email227@example.com,Phone3520248027,Address462,44,70.86
314142,Name677,Email565@example.com,Phone7807744264,Address177,20,72.51
630202,Name552,Email582@example.com,Phone8813465761,Address527,60,65.16
697117,Name381,Email132@example.com,Phone9193967157,Address152,29,98.06
559439,Name527,Email795@example.com,Phone2372732516,Address318,30,67.90
608119,Name409,Email339@example.com,Phone9181303955,Address829,55,82.61
695237,Name792,Email809@example.com,Phone1144391390,Address606,38,57.74
811841,Name845,Email775@example.com,Phone9245001683,Address654,59,94.97
787768,Name140,Email76@example.com,Phone2926785389,Address366,31,68.97
105264,Name671,Email817@example.com,Phone1437431656,Address935,57,81.74
535110,Name386,Email353@example.com,Phone8412527906,Address680,55,62.30
238766,Name896,Email287@example.com,Phone9853969297,Address963,60,94.69
307271,Name861,Email94@example.com,Phone1950188497,Address783,39,54.63
117849,Name165,Email732@example.com,Phone1339437040,Address307,23,75.72
876807,Name386,Email849@example.com,Phone6338287513,Address951,57,92.77
841686,Name620,Email291@example.com,Phone8673670511,Address469,46,60.49
464539,Name561,Email734@example.com,Phone9680533220,Address911,38,57.04
425263,Name621,Email74@example.com,Phone7557448533,Address955,22,56.02
452542,Name770,Email470@example.com,Phone6897270256,Address785,22,83.91
148044,Name980,Email799@example.com,Phone2547216761,Address630,23,69.07
934277,Name123,Email157@example.com,Phone8070653082,Address440,27,58.92
239660,Name128,Email2@example.com,Phone6574301796,Address536,56,56.82
914157,Name757,Email904@example.com,Phone2626527673,Address869,20,53.89
576200,Name206,Email957@example.com,Phone7859472596,Address8,49,87.56
436302,Name41,Email705@example.com,Phone9620804212,Address408,20,73.67
205077,Name330,Email178@example.com,Phone6339844240,Address743,38,53.96
225639,Name376,Email835@example.com,Phone9092998723,Address220,51,56.57
637301,Name105,Email504@example.com,Phone9003000414,Address389,31,87.49
445455,Name174,Email391@example.com,Phone9363126971,Address470,54,97.44
790399,Name758,Email180@example.com,Phone4388364775,Address464,46,83.98
134849,Name647,Email508@example.com,Phone4268602739,Address13,51,63.46
529610,Name258,Email207@example.com,Phone9311281451,Address109,40,95.41
674273,Name452,Email974@example.com,Phone6941105904,Address319,19,60.60
725092,Name625,Email93@example.com,Phone9396712166,Address169,30,63.98
545192,Name735,Email770@example.com,Phone3676877231,Address997,27,96.31
203602,Name511,Email349@example.com,Phone2445917994,Address992,38,97.21
243557,Name941,Email243@example.com,Phone9226345053,Address224,57,54.25
508548,Name39,Email970@example.com,Phone3051095512,Address964,23,96.04
577518,Name819,Email101@example.com,Phone8623022950,Address127,18,92.17
858121,Name247,Email715@example.com,Phone4804681602,Address305,37,82.07
608244,Name140,Email153@example.com,Phone9595752143,Address405,45,80.32
459319,Name515,Email449@example.com,Phone3000005531,Address933,25,63.19
420076,Name959,Email342@example.com,Phone3210317624,Address329,42,67.64
606662,Name276,Email724@example.com,Phone2723468702,Address416,27,60.41
182467,Name259,Email842@example.com,Phone1165627968,Address66,36,96.22
316595,Name815,Email460@example.com,Phone2843625155,Address967,55,58.17
773648,Name11,Email590@example.com,Phone8001146424,Address854,53,94.55
145456,Name46,Email562@example.com,Phone1994209651,Address51,38,86.38
174360,Name703,Email940@example.com,Phone6651726696,Address142,40,90.69
943726,Name465,Email343@example.com,Phone5417438394,Address847,36,55.72
436864,Name421,Email849@example.com,Phone2348460813,Address845,37,87.04
253613,Name752,Email659@example.com,Phone5784374014,Address580,20,93.43
319589,Name819,Email968@example.com,Phone2151328820,Address686,35,77.29
207268,Name713,Email635@example.com,Phone6231501540,Address84,40,78.28
953506,Name873,Email414@example.com,Phone8433561451,Address647,36,77.75
874631,Name727,Email264@example.com,Phone4559235274,Address758,26,56.78
467854,Name222,Email158@example.com,Phone6823124227,Address121,28,89.08
966960,Name987,Email320@example.com,Phone9967785008,Address617,48,84.29
163942,Name480,Email483@example.com,Phone1811515171,Address390,47,73.94
319453,Name522,Email916@example.com,Phone2070698146,Address61,48,64.65
200507,Name512,Email328@example.com,Phone9802074228,Address505,56,77.01
121761,Name534,Email289@example.com,Phone6450127239,Address330,28,74.79
892148,Name736,Email331@example.com,Phone8453357223,Address813,40,75.44
107680,Name181,Email422@example.com,Phone6655632566,Address564,20,61.96
316906,Name699,Email343@example.com,Phone4689555946,Address797,24,61.47
101804,Name964,Email875@example.com,Phone5014103649,Address622,49,74.20
820984,Name185,Email527@example.com,Phone4547518826,Address167,39,55.14
411254,Name626,Email604@example.com,Phone1135230580,Address882,30,82.39
148967,Name898,Email787@example.com,Phone1680563275,Address705,18,73.48
341487,Name252,Email961@example.com,Phone8799911273,Address540,53,76.06
143577,Name972,Email597@example.com,Phone2326063514,Address140,19,86.96
488326,Name318,Email823@example.com,Phone8719432259,Address377,20,93.35
766047,Name340,Email998@example.com,Phone8537564099,Address599,47,95.48
426798,Name340,Email971@example.com,Phone1233986968,Address13,20,98.22
456957,Name345,Email967@example.com,Phone5401953798,Address975,21,57.74
158574,Name93,Email84@example.com,Phone4682397490,Address833,59,53.84
172937,Name298,Email102@example.com,Phone8011435195,Address131,25,58.42
122110,Name256,Email668@example.com,Phone8435245903,Address345,51,76.29
779551,Name671,Email86@example.com,Phone9068575743,Address793,19,68.42
281849,Name655,Email435@example.com,Phone6561270423,Address769,18,58.67
983201,Name443,Email127@example.com,Phone9045812139,Address750,60,66.60
874687,Name22,Email733@example.com,Phone7253112959,Address925,42,53.72
837567,Name341,Email412@example.com,Phone1470506470,Address67,19,70.53
520917,Name525,Email507@example.com,Phone7281377618,Address661,52,92.47
826240,Name965,Email261@example.com,Phone7412837022,Address725,35,76.44
173152,Name793,Email460@example.com,Phone8912382271,Address11,36,65.75
550262,Name745,Email882@example.com,Phone4142911742,Address346,31,77.60
262830,Name425,Email255@example.com,Phone4504237084,Address273,47,84.65
355566,Name71,Email24@example.com,Phone3632637235,Address792,45,93.36
122818,Name828,Email525@example.com,Phone9988848734,Address23,21,50.34
817086,Name427,Email562@example.com,Phone1072755513,Address590,44,69.86
461655,Name247,Email385@example.com,Phone4464027209,Address274,43,82.73
346947,Name867,Email540@example.com,Phone2127433876,Address603,59,67.82
676709,Name948,Email836@example.com,Phone3789650013,Address1,39,73.02
638279,Name5,Email881@example.com,Phone9695170975,Address344,49,71.14
212898,Name601,Email148@example.com,Phone5633853552,Address741,46,72.85
595365,Name776,Email755@example.com,Phone8142161341,Address813,29,72.82
144996,Name459,Email158@example.com,Phone5175036238,Address659,38,51.23
643633,Name414,Email958@example.com,Phone5743875193,Address666,34,93.41
170406,Name345,Email78@example.com,Phone7043785462,Address220,48,90.63
842471,Name180,Email567@example.com,Phone3317124770,Address922,56,71.46
925112,Name907,Email341@example.com,Phone5454796991,Address599,57,75.72
426506,Name932,Email382@example.com,Phone7004573498,Address237,49,80.60
840625,Name67,Email203@example.com,Phone7888422626,Address566,56,87.85
742493,Name652,Email236@example.com,Phone5258650966,Address744,48,66.55
345182,Name457,Email263@example.com,Phone8554471976,Address859,29,90.69
374565,Name440,Email473@example.com,Phone8271551140,Address19,29,94.41
951986,Name632,Email203@example.com,Phone5246681201,Address771,23,77.87
528912,Name133,Email953@example.com,Phone5328576666,Address658,55,54.49
390184,Name758,Email852@example.com,Phone4528090766,Address991,44,90.61
488161,Name849,Email941@example.com,Phone8436567821,Address967,55,52.77
347867,Name937,Email957@example.com,Phone9359931637,Address169,41,88.45
567884,Name257,Email128@example.com,Phone8907637687,Address17,49,57.52
772228,Name703,Email927@example.com,Phone4566695723,Address217,53,84.77
489838,Name467,Email382@example.com,Phone4604971222,Address366,24,99.98
118495,Name160,Email364@example.com,Phone2420658616,Address278,43,77.49
838728,Name644,Email784@example.com,Phone6975603948,Address43,26,70.27
550462,Name604,Email274@example.com,Phone2555533711,Address524,28,57.42
234279,Name110,Email407@example.com,Phone5247481553,Address520,31,66.10
760520,Name386,Email805@example.com,Phone4673128484,Address704,37,69.68
400266,Name623,Email185@example.com,Phone5420680232,Address935,37,73.55
308699,Name449,Email932@example.com,Phone7675884080,Address933,52,72.06
702712,Name175,Email759@example.com,Phone5586217629,Address873,34,75.64
454349,Name115,Email157@example.com,Phone3140096023,Address321,52,86.77
228016,Name668,Email870@example.com,Phone7309702397,Address94,33,84.90
562789,Name351,Email496@example.com,Phone3197334668,Address133,21,62.67
846290,Name540,Email4@example.com,Phone9565064551,Address301,34,53.67
268937,Name64,Email115@example.com,Phone4767780301,Address751,26,69.26
565265,Name29,Email847@example.com,Phone8172336085,Address287,47,94.77
454000,Name253,Email885@example.com,Phone6002491548,Address448,40,97.75
631881,Name279,Email147@example.com,Phone2174262180,Address500,38,62.04
267103,Name500,Email601@example.com,Phone8968786838,Address975,34,56.63
763024,Name292,Email285@example.com,Phone5306505902,Address343,44,73.87
959030,Name841,Email906@example.com,Phone1065218291,Address133,55,78.95
699613,Name550,Email266@example.com,Phone8496970436,Address62,52,72.57
912466,Name902,Email869@example.com,Phone3890353847,Address773,31,92.13
800554,Name667,Email348@example.com,Phone4212444915,Address896,58,67.02
172491,Name768,Email677@example.com,Phone3158882097,Address504,39,81.98
480507,Name224,Email881@example.com,Phone3358978606,Address165,21,89.25
453192,Name467,Email438@example.com,Phone2801873370,Address970,55,61.76
451373,Name513,Email692@example.com,Phone7120833294,Address708,32,68.59
475973,Name442,Email461@example.com,Phone1367810615,Address898,21,93.98
420548,Name501,Email878@example.com,Phone4601482895,Address851,28,76.30
320188,Name154,Email165@example.com,Phone5204600122,Address958,59,50.84
623926,Name931,Email533@example.com,Phone8296861611,Address393,18,95.07
325007,Name475,Email685@example.com,Phone4495165357,Address127,54,58.85
269919,Name375,Email396@example.com,Phone3087291449,Address595,49,91.10
357166,Name426,Email872@example.com,Phone6275814566,Address153,43,97.51
892928,Name598,Email258@example.com,Phone6440789684,Address96,51,81.77
438332,Name882,Email374@example.com,Phone7170600578,Address970,26,56.46
679664,Name811,Email667@example.com,Phone7220546181,Address608,22,67.44
125574,Name400,Email686@example.com,Phone5457930608,Address566,39,85.86
467828,Name375,Email335@example.com,Phone2889170839,Address701,22,91.13
111606,Name322,Email627@example.com,Phone2516129512,Address600,57,89.02
190250,Name630,Email349@example.com,Phone7748627262,Address411,20,55.39
959470,Name741,Email514@example.com,Phone2136558156,Address30,18,62.41
259102,Name905,Email584@example.com,Phone8761975423,Address51,25,88.38
803874,Name979,Email698@example.com,Phone3397366513,Address957,56,92.43
841808,Name486,Email902@example.com,Phone5068303438,Address343,47,96.74
353982,Name859,Email268@example.com,Phone8054756039,Address770,58,76.21
179800,Name987,Email989@example.com,Phone3012174738,Address169,20,70.18
473776,Name587,Email789@example.com,Phone3189303448,Address769,48,55.88
353265,Name379,Email63@example.com,Phone2451645086,Address478,23,79.28
743419,Name874,Email789@example.com,Phone7448781292,Address962,26,94.33
435002,Name542,Email66@example.com,Phone5734100733,Address661,58,50.50
523635,Name733,Email847@example.com,Phone9070946524,Address630,37,99.62
429110,Name488,Email385@example.com,Phone4055053090,Address512,51,93.60
540379,Name936,Email23@example.com,Phone4578295190,Address402,29,88.29
305553,Name346,Email190@example.com,Phone2427300678,Address211,46,98.57
372995,Name51,Email80@example.com,Phone7569433908,Address845,56,54.64
324970,Name716,Email225@example.com,Phone9593917396,Address122,21,83.77
966110,Name18,Email799@example.com,Phone6649521519,Address251,55,72.67
481870,Name760,Email531@example.com,Phone9562012373,Address690,42,78.87
357871,Name792,Email561@example.com,Phone6334387210,Address722,53,82.37
980033,Name18,Email902@example.com,Phone2080158457,Address398,52,52.36
277476,Name862,Email940@example.com,Phone3853080475,Address886,48,87.67
300623,Name375,Email201@example.com,Phone4041059635,Address885,29,81.13
740569,Name19,Email387@example.com,Phone8529948339,Address245,33,68.17
591168,Name350,Email213@example.com,Phone1122322773,Address802,30,74.31
245318,Name705,Email822@example.com,Phone1253468116,Address600,35,68.91
812259,Name434,Email604@example.com,Phone2709380350,Address497,34,83.58
562749,Name517,Email773@example.com,Phone1604155378,Address84,29,66.20
107779,Name322,Email901@example.com,Phone3311714091,Address244,30,66.94
294798,Name49,Email234@example.com,Phone1614526161,Address203,59,84.79
749877,Name968,Email499@example.com,Phone2812490779,Address960,58,97.24
873652,Name187,Email641@example.com,Phone3777600512,Address611,37,85.80
667933,Name565,Email606@example.com,Phone3140433279,Address455,54,78.80
631897,Name617,Email616@example.com,Phone1207390302,Address436,52,76.12
151995,Name557,Email49@example.com,Phone9142888432,Address244,54,67.11
600119,Name3,Email575@example.com,Phone7649175784,Address689,21,71.08
513000,Name53,Email898@example.com,Phone1540806650,Address668,55,86.63
620505,Name15,Email741@example.com,Phone9994801718,Address54,19,54.33
224271,Name235,Email271@example.com,Phone5630683368,Address718,43,50.41
954362,Name675,Email692@example.com,Phone8763166991,Address681,51,71.71
794405,Name600,Email303@example.com,Phone9264813156,Address799,34,99.53
658112,Name347,Email503@example.com,Phone3655685588,Address201,22,55.73
212979,Name145,Email126@example.com,Phone5666400537,Address511,45,50.58
929780,Name473,Email325@example.com,Phone1123952836,Address328,34,80.33
110793,Name713,Email473@example.com,Phone2334007197,Address642,57,88.86
898433,Name495,Email417@example.com,Phone2671310530,Address699,40,61.71
565091,Name43,Email915@example.com,Phone8821281476,Address95,29,67.05
810492,Name903,Email400@example.com,Phone1322791434,Address66,24,50.28
656666,Name699,Email47@example.com,Phone3471936906,Address799,27,62.44
129476,Name541,Email628@example.com,Phone7051359037,Address146,51,97.89
414111,Name575,Email895@example.com,Phone8589016107,Address135,47,62.16
881601,Name645,Email323@example.com,Phone5848815997,Address81,49,83.90
109596,Name683,Email822@example.com,Phone2716644253,Address507,45,64.96
506804,Name988,Email444@example.com,Phone7556822284,Address893,48,85.82
671376,Name808,Email662@example.com,Phone6515148145,Address580,56,61.46
995861,Name411,Email265@example.com,Phone5693988735,Address127,39,65.24
676256,Name263,Email464@example.com,Phone8653477739,Address853,25,85.57
917081,Name170,Email203@example.com,Phone8634623145,Address877,50,89.98
572536,Name75,Email352@example.com,Phone5474015902,Address772,58,63.65
641564,Name693,Email60@example.com,Phone8250220722,Address535,49,65.59
460774,Name195,Email364@example.com,Phone4379908101,Address455,18,82.05
667805,Name940,Email95@example.com,Phone1466611394,Address114,56,58.36
901776,Name898,Email230@example.com,Phone3172503252,Address968,38,93.65
775667,Name146,Email877@example.com,Phone2113400003,Address533,41,81.85
500722,Name612,Email78@example.com,Phone8845724789,Address738,41,87.23
844140,Name777,Email795@example.com,Phone2218118800,Address580,28,69.11
299034,Name606,Email281@example.com,Phone1462009763,Address447,46,73.05
123864,Name277,Email36@example.com,Phone9870249671,Address712,59,67.81
384254,Name43,Email747@example.com,Phone2068942022,Address869,48,74.97
141574,Name597,Email56@example.com,Phone7137934665,Address746,24,74.96
735553,Name799,Email747@example.com,Phone9686583784,Address335,20,78.04
964975,Name783,Email341@example.com,Phone3876809728,Address708,41,65.79
963027,Name187,Email324@example.com,Phone5792868346,Address482,44,65.40
607469,Name472,Email825@example.com,Phone9774478663,Address282,37,97.15
505498,Name828,Email402@example.com,Phone9893711199,Address89,22,76.72
451253,Name21,Email610@example.com,Phone1071990615,Address334,38,53.48
198609,Name751,Email65@example.com,Phone5200102491,Address677,33,58.67
375659,Name423,Email564@example.com,Phone4320737412,Address863,47,56.54
168990,Name56,Email231@example.com,Phone2433356444,Address971,45,71.12
209128,Name91,Email291@example.com,Phone5343788585,Address137,41,65.30
652699,Name576,Email71@example.com,Phone2528396006,Address83,23,84.78
685772,Name36,Email263@example.com,Phone9470890474,Address586,19,50.33
250220,Name430,Email650@example.com,Phone1985437511,Address481,35,98.50
462336,Name926,Email525@example.com,Phone7765816707,Address791,53,68.09
338870,Name604,Email242@example.com,Phone9005350909,Address875,28,82.79
265173,Name63,Email974@example.com,Phone3669531035,Address331,42,87.27
561034,Name626,Email182@example.com,Phone6639941872,Address665,53,94.11
551216,Name401,Email292@example.com,Phone4010828052,Address425,52,61.14
515536,Name133,Email597@example.com,Phone9256653505,Address600,45,79.95
233042,Name821,Email57@example.com,Phone7110066657,Address138,47,50.81
143006,Name404,Email22@example.com,Phone5027923622,Address941,28,87.30
530927,Name651,Email250@example.com,Phone5577896399,Address158,31,99.09
619289,Name557,Email416@example.com,Phone4960466733,Address635,38,51.30
754209,Name430,Email844@example.com,Phone2474039200,Address330,43,91.13
568042,Name78,Email239@example.com,Phone9563635649,Address901,55,78.41
788390,Name15,Email570@example.com,Phone9966721745,Address31,18,84.73
625040,Name675,Email986@example.com,Phone3955703387,Address85,59,73.53
703068,Name168,Email398@example.com,Phone2573616031,Address26,30,77.48
890137,Name551,Email434@example.com,Phone4325791786,Address656,21,94.31
805310,Name249,Email880@example.com,Phone1331571417,Address607,19,75.42
191953,Name801,Email119@example.com,Phone2527878219,Address72,37,93.17
309198,Name566,Email293@example.com,Phone9539032530,Address247,56,54.03
119226,Name625,Email700@example.com,Phone4281849996,Address180,52,63.23
823423,Name594,Email54@example.com,Phone3216845758,Address799,42,79.44
543599,Name317,Email795@example.com,Phone3620306364,Address858,45,89.66
275635,Name909,Email742@example.com,Phone4617912500,Address885,33,80.35
480514,Name609,Email227@example.com,Phone1754972898,Address236,55,51.18
999873,Name45,Email744@example.com,Phone5212792549,Address12,24,77.70
816593,Name474,Email808@example.com,Phone4523796069,Address775,45,55.42
506474,Name524,Email149@example.com,Phone6757279412,Address4,29,89.62
150550,Name39,Email586@example.com,Phone2645414725,Address141,20,70.73
417397,Name690,Email527@example.com,Phone6114645985,Address580,29,89.43
783738,Name350,Email316@example.com,Phone1979559754,Address724,37,94.98
815506,Name290,Email830@example.com,Phone5023314813,Address455,40,55.65
223115,Name498,Email976@example.com,Phone4516632098,Address913,34,65.29
465781,Name884,Email872@example.com,Phone7681974124,Address683,29,87.14
751392,Name267,Email925@example.com,Phone7716480393,Address860,50,76.38
726065,Name424,Email785@example.com,Phone6077136234,Address438,55,53.95
479608,Name706,Email863@example.com,Phone5269862524,Address856,26,65.68
164161,Name779,Email539@example.com,Phone9088868428,Address862,56,54.19
686453,Name713,Email736@example.com,Phone5998160676,Address706,26,85.22
815723,Name385,Email599@example.com,Phone2093838095,Address247,48,92.20
539887,Name448,Email873@example.com,Phone9111921854,Address419,51,65.62
339521,Name867,Email582@example.com,Phone6816812400,Address413,18,83.06
652730,Name923,Email484@example.com,Phone8328216567,Address862,60,93.86
906058,Name53,Email894@example.com,Phone7718475848,Address965,53,78.61
876318,Name651,Email857@example.com,Phone1587356683,Address18,58,72.62
834040,Name971,Email72@example.com,Phone3153633500,Address950,49,88.51
113983,Name952,Email82@example.com,Phone2458182730,Address341,29,85.01
869630,Name525,Email501@example.com,Phone4869469753,Address117,23,62.63
829254,Name123,Email876@example.com,Phone9838927144,Address824,30,53.52
729381,Name363,Email688@example.com,Phone7549949345,Address458,43,82.75
986866,Name815,Email99@example.com,Phone6449272592,Address787,48,84.28
116191,Name497,Email373@example.com,Phone5318253582,Address110,59,64.36
923985,Name916,Email301@example.com,Phone9627740484,Address351,43,51.44
543758,Name269,Email859@example.com,Phone2550040399,Address838,50,84.68
361233,Name367,Email88@example.com,Phone9354664090,Address228,44,64.81
196268,Name456,Email404@example.com,Phone8388952331,Address698,28,90.35
943716,Name632,Email356@example.com,Phone9317719756,Address450,38,63.82
640527,Name970,Email74@example.com,Phone2326003788,Address759,26,71.67
709378,Name189,Email752@example.com,Phone4587059223,Address176,40,97.10
231959,Name241,Email608@example.com,Phone8913820583,Address81,47,52.84
790090,Name787,Email463@example.com,Phone1132955717,Address725,39,95.64
220769,Name670,Email513@example.com,Phone8074090303,Address157,59,94.18
280547,Name249,Email655@example.com,Phone5551931456,Address569,41,70.62
713888,Name443,Email501@example.com,Phone5671836251,Address259,59,84.43
449808,Name25,Email810@example.com,Phone2752763022,Address175,26,77.12
221737,Name154,Email639@example.com,Phone6480937828,Address934,32,91.00
247759,Name227,Email918@example.com,Phone8612023629,Address143,25,51.04
679007,Name409,Email138@example.com,Phone9950930918,Address22,43,51.32
689434,Name458,Email869@example.com,Phone5584554966,Address448,47,85.14
987564,Name622,Email390@example.com,Phone6203112179,Address569,53,67.87
197297,Name362,Email43@example.com,Phone7442023046,Address410,40,70.22
603834,Name294,Email283@example.com,Phone4560436295,Address888,19,89.22
761880,Name908,Email577@example.com,Phone6250666018,Address697,60,59.74
234475,Name624,Email836@example.com,Phone9550263892,Address46,22,51.98
939701,Name323,Email807@example.com,Phone7171861503,Address428,51,89.23
416267,Name716,Email827@example.com,Phone8276682870,Address312,42,97.35
347493,Name909,Email357@example.com,Phone3775597991,Address966,36,64.58
713685,Name852,Email18@example.com,Phone2497202742,Address873,22,70.55
979099,Name496,Email500@example.com,Phone3612900172,Address749,34,60.51
712402,Name261,Email611@example.com,Phone9741988611,Address378,19,51.44
913362,Name663,Email294@example.com,Phone2243075417,Address439,42,70.05
524927,Name752,Email568@example.com,Phone3462302306,Address872,41,73.12
165136,Name662,Email525@example.com,Phone5013025915,Address440,39,84.37
767732,Name768,Email320@example.com,Phone4941430139,Address716,33,66.45
783666,Name142,Email906@example.com,Phone6827647084,Address112,30,80.36
469770,Name958,Email979@example.com,Phone1286733343,Address34,18,54.29
719757,Name834,Email60@example.com,Phone4717517239,Address220,30,75.65
380537,Name19,Email491@example.com,Phone8980969076,Address938,32,61.44
384519,Name476,Email333@example.com,Phone2657282742,Address669,26,59.50
885814,Name942,Email255@example.com,Phone7261209468,Address968,18,53.07
449870,Name340,Email838@example.com,Phone5637730487,Address229,26,84.80
518203,Name443,Email262@example.com,Phone1798995298,Address751,32,50.41
696933,Name340,Email793@example.com,Phone5489595965,Address867,47,79.46
402012,Name841,Email479@example.com,Phone8420929129,Address804,19,70.62
262434,Name864,Email750@example.com,Phone3158323120,Address69,36,60.11
586374,Name384,Email521@example.com,Phone8581962076,Address133,30,60.48
566642,Name766,Email929@example.com,Phone5884097235,Address988,19,86.60
203053,Name778,Email446@example.com,Phone9228060272,Address310,31,53.04
814883,Name595,Email366@example.com,Phone6703868672,Address118,21,61.70
576329,Name493,Email253@example.com,Phone3140084305,Address735,59,76.71
142602,Name603,Email887@example.com,Phone2304416677,Address495,48,92.83
851600,Name355,Email654@example.com,Phone6793762296,Address682,37,51.65
608691,Name415,Email299@example.com,Phone7560714175,Address438,59,69.54
240861,Name549,Email322@example.com,Phone4593111313,Address678,44,65.89
685617,Name202,Email84@example.com,Phone1708151972,Address330,43,84.53
300983,Name468,Email942@example.com,Phone7227318394,Address481,27,54.18
131227,Name20,Email968@example.com,Phone2723202230,Address35,20,86.79
350226,Name636,Email204@example.com,Phone4021547553,Address966,59,59.61
311373,Name791,Email638@example.com,Phone4219428641,Address439,52,64.93
892821,Name207,Email307@example.com,Phone2061973189,Address526,39,93.97
895805,Name340,Email913@example.com,Phone2446549199,Address889,42,93.36
392816,Name518,Email953@example.com,Phone5610552038,Address809,49,89.44
218477,Name455,Email339@example.com,Phone7644281838,Address996,37,57.83
756545,Name269,Email884@example.com,Phone9681999183,Address81,43,78.97
812405,Name82,Email368@example.com,Phone1939464040,Address1,49,72.04
472767,Name920,Email61@example.com,Phone1074881597,Address898,20,59.63
944017,Name740,Email956@example.com,Phone7677721103,Address105,30,80.88
254180,Name560,Email534@example.com,Phone6017078268,Address564,45,84.23
348877,Name160,Email861@example.com,Phone9387669669,Address551,43,89.39
301165,Name661,Email676@example.com,Phone1576688475,Address316,49,72.27
854815,Name574,Email278@example.com,Phone1433379943,Address221,59,85.52
907610,Name839,Email553@example.com,Phone1503757504,Address772,55,83.87
419413,Name947,Email883@example.com,Phone7843056631,Address606,18,83.15
328684,Name392,Email845@example.com,Phone4654231259,Address803,39,57.78
976497,Name941,Email446@example.com,Phone1334230505,Address899,52,60.57
675502,Name13,Email562@example.com,Phone4196873601,Address345,51,81.95
682714,Name693,Email748@example.com,Phone6042582117,Address50,47,76.05
624851,Name641,Email136@example.com,Phone1556813958,Address59,33,93.27
978733,Name984,Email395@example.com,Phone1386144907,Address999,37,79.04
586043,Name854,Email846@example.com,Phone7896505321,Address719,30,50.95
831876,Name473,Email925@example.com,Phone7713353478,Address881,60,93.52
186804,Name385,Email452@example.com,Phone8102521424,Address40,57,88.17
639627,Name753,Email353@example.com,Phone2802813211,Address332,36,80.25
257470,Name409,Email947@example.com,Phone4256454157,Address327,53,76.07
560283,Name621,Email137@example.com,Phone8231326854,Address3,58,54.41
480749,Name510,Email240@example.com,Phone4763931699,Address179,42,96.41
930710,Name485,Email130@example.com,Phone6788800878,Address911,54,70.38
360774,Name163,Email869@example.com,Phone4200863626,Address474,28,75.56
369235,Name903,Email646@example.com,Phone4022285253,Address603,33,78.03
617216,Name391,Email455@example.com,Phone4759596029,Address844,36,89.60
460556,Name479,Email161@example.com,Phone6991572476,Address658,43,78.17
833013,Name375,Email621@example.com,Phone5114211669,Address13,30,69.11
514454,Name429,Email383@example.com,Phone9754226424,Address70,25,66.17
837920,Name273,Email306@example.com,Phone1351639970,Address80,26,51.68
104198,Name262,Email538@example.com,Phone3586022999,Address787,31,86.66
960639,Name65,Email421@example.com,Phone8227645792,Address308,47,86.40
277309,Name923,Email379@example.com,Phone8053446220,Address457,58,88.42
503078,Name929,Email355@example.com,Phone9129797435,Address651,38,59.56
576585,Name444,Email416@example.com,Phone6965202082,Address465,20,87.40
868143,Name979,Email570@example.com,Phone4213090930,Address402,24,65.19
700065,Name184,Email305@example.com,Phone8672330137,Address658,23,73.89
664437,Name838,Email490@example.com,Phone4928031386,Address466,28,69.66
401199,Name392,Email8@example.com,Phone7179053515,Address723,29,94.66
982155,Name524,Email36@example.com,Phone3682963975,Address390,33,74.42
519231,Name153,Email289@example.com,Phone6416764672,Address387,59,85.91
514745,Name778,Email762@example.com,Phone1257468007,Address726,22,86.37
522676,Name814,Email63@example.com,Phone7183567666,Address880,20,89.20
140609,Name121,Email745@example.com,Phone6039005881,Address914,51,88.87
740011,Name44,Email984@example.com,Phone8453588999,Address213,54,56.77
631614,Name216,Email524@example.com,Phone2363269694,Address607,54,73.33
604003,Name356,Email76@example.com,Phone5899300316,Address83,43,87.69
150019,Name834,Email129@example.com,Phone6301622502,Address741,55,87.03
919064,Name757,Email132@example.com,Phone1754703221,Address904,44,87.21
210972,Name406,Email485@example.com,Phone9507736941,Address906,23,71.56
353520,Name11,Email632@example.com,Phone1448644154,Address269,49,63.22
190358,Name772,Email472@example.com,Phone8807807402,Address161,55,56.69
338276,Name938,Email116@example.com,Phone2227931918,Address488,49,94.15
466480,Name810,Email128@example.com,Phone5439747871,Address998,38,96.67
293326,Name597,Email992@example.com,Phone1390132162,Address488,39,89.23
493126,Name804,Email919@example.com,Phone3174578323,Address88,56,84.55
214158,Name374,Email853@example.com,Phone4502749509,Address351,51,88.33
965998,Name91,Email24@example.com,Phone5370929891,Address260,33,69.03
853803,Name16,Email693@example.com,Phone1977918809,Address165,41,65.96
928133,Name168,Email737@example.com,Phone1907063163,Address300,25,65.65
204963,Name398,Email964@example.com,Phone1805487592,Address790,56,82.82
160840,Name331,Email723@example.com,Phone5689056579,Address312,25,84.50
135220,Name739,Email894@example.com,Phone1116575266,Address894,32,58.49
455267,Name26,Email994@example.com,Phone1959129767,Address328,56,69.36
865866,Name178,Email625@example.com,Phone9158601876,Address368,42,91.16
748521,Name217,Email777@example.com,Phone6162545156,Address86,34,53.24
722937,Name388,Email832@example.com,Phone7141207802,Address825,47,70.65
387232,Name650,Email700@example.com,Phone5014030195,Address322,55,99.92
228144,Name745,Email952@example.com,Phone8797786192,Address399,23,93.04
501824,Name78,Email403@example.com,Phone5308950981,Address697,46,92.29
488984,Name824,Email304@example.com,Phone8900143243,Address665,31,71.61
621524,Name589,Email843@example.com,Phone5073634530,Address790,36,68.43
586824,Name302,Email448@example.com,Phone1332401430,Address462,54,73.72
655610,Name656,Email986@example.com,Phone2535836212,Address83,49,70.19
337107,Name787,Email260@example.com,Phone1438785803,Address289,53,93.57
329867,Name378,Email144@example.com,Phone6760817112,Address918,38,57.74
179381,Name690,Email698@example.com,Phone2676137634,Address841,60,56.28
887888,Name389,Email87@example.com,Phone9849425789,Address648,44,98.41
278117,Name585,Email148@example.com,Phone1051071144,Address761,58,95.10
931313,Name976,Email829@example.com,Phone9157235107,Address436,40,92.78
941364,Name877,Email137@example.com,Phone6673772636,Address716,18,65.50
187592,Name282,Email577@example.com,Phone7183331810,Address161,40,98.90
402993,Name534,Email603@example.com,Phone2640385252,Address69,37,63.96
290886,Name187,Email672@example.com,Phone7526726307,Address11,31,78.07
152852,Name215,Email798@example.com,Phone8906303784,Address860,40,61.57
911544,Name515,Email317@example.com,Phone3461340520,Address88,60,93.44
333233,Name233,Email693@example.com,Phone7596923897,Address800,23,92.21
717899,Name49,Email23@example.com,Phone9895344056,Address269,58,66.95
963299,Name711,Email80@example.com,Phone2022868486,Address206,25,89.62
307445,Name545,Email480@example.com,Phone6886544507,Address937,48,71.15
196780,Name251,Email987@example.com,Phone9920439021,Address39,59,56.09
177963,Name400,Email273@example.com,Phone4821351430,Address351,36,80.54
761995,Name523,Email677@example.com,Phone4631891968,Address970,28,55.71
588008,Name671,Email225@example.com,Phone6830077899,Address173,28,66.09
330255,Name806,Email377@example.com,Phone4144509641,Address112,40,58.53
441297,Name816,Email858@example.com,Phone3713026874,Address87,32,50.22
205575,Name245,Email276@example.com,Phone8443538262,Address249,35,51.47
118563,Name599,Email162@example.com,Phone6378459340,Address412,27,79.03
603074,Name638,Email324@example.com,Phone3194072289,Address354,54,66.90
110100,Name530,Email161@example.com,Phone3231672158,Address189,51,83.21
150002,Name955,Email620@example.com,Phone1560476737,Address322,60,55.52
265893,Name953,Email162@example.com,Phone3389510485,Address894,56,58.87
594698,Name204,Email715@example.com,Phone4484457594,Address64,60,79.35
632885,Name719,Email103@example.com,Phone7497641070,Address965,43,55.20
520110,Name363,Email293@example.com,Phone5611266115,Address513,39,53.49
899859,Name695,Email477@example.com,Phone5707517066,Address338,40,76.68
587063,Name788,Email495@example.com,Phone6018240140,Address661,42,52.65
383606,Name647,Email249@example.com,Phone8159047752,Address239,45,94.57
362533,Name367,Email620@example.com,Phone8522243224,Address887,54,82.94
189927,Name44,Email573@example.com,Phone6885193620,Address853,18,93.34
222450,Name408,Email444@example.com,Phone8140491593,Address756,33,87.72
344221,Name842,Email74@example.com,Phone9831976185,Address181,32,61.74
132718,Name232,Email355@example.com,Phone7637780647,Address529,43,99.94
179662,Name870,Email676@example.com,Phone3164322454,Address191,42,88.17
523950,Name404,Email233@example.com,Phone6703178812,Address367,52,88.50
707204,Name30,Email551@example.com,Phone2273070543,Address489,47,57.36
507590,Name600,Email331@example.com,Phone3510034276,Address593,39,90.08
342495,Name127,Email393@example.com,Phone5727328560,Address943,45,88.45
740318,Name788,Email784@example.com,Phone9629367719,Address246,56,55.87
307582,Name988,Email947@example.com,Phone7077576449,Address886,57,91.31
224287,Name830,Email982@example.com,Phone4444013401,Address519,34,89.94
449351,Name161,Email864@example.com,Phone4437012309,Address762,45,84.86
647467,Name960,Email157@example.com,Phone8331570793,Address965,40,85.91
705515,Name494,Email694@example.com,Phone9831391094,Address700,38,89.90
730186,Name904,Email932@example.com,Phone8445575449,Address757,33,68.38
943989,Name392,Email388@example.com,Phone5358682973,Address551,23,77.17
329713,Name663,Email703@example.com,Phone4552102331,Address272,44,66.48
646310,Name410,Email864@example.com,Phone3451210205,Address591,32,94.15
595244,Name254,Email257@example.com,Phone6206597299,Address380,55,76.56
385523,Name260,Email137@example.com,Phone9968653149,Address903,57,73.03
235109,Name659,Email99@example.com,Phone4749118980,Address835,55,98.37
341244,Name972,Email128@example.com,Phone6770741673,Address888,41,86.16
619269,Name365,Email406@example.com,Phone5165283209,Address791,21,54.73
112008,Name345,Email644@example.com,Phone4387896213,Address189,21,99.95
591056,Name12,Email597@example.com,Phone4638195709,Address135,29,51.20
259185,Name263,Email428@example.com,Phone2327122084,Address463,26,69.26
620376,Name33,Email369@example.com,Phone1059458635,Address308,33,67.65
417664,Name918,Email74@example.com,Phone7306141380,Address261,54,96.89
670008,Name978,Email729@example.com,Phone7941861761,Address374,20,57.59
477782,Name315,Email332@example.com,Phone5540247735,Address442,32,74.93
143484,Name110,Email262@example.com,Phone2062898128,Address976,36,81.82
996657,Name907,Email865@example.com,Phone2356384802,Address418,30,53.82
329991,Name861,Email521@example.com,Phone4322872511,Address524,52,71.80
368055,Name851,Email639@example.com,Phone7031109632,Address397,58,86.19
483655,Name908,Email309@example.com,Phone4700242127,Address22,46,96.57
362376,Name995,Email851@example.com,Phone3729593170,Address650,25,81.48
773445,Name929,Email757@example.com,Phone2640309983,Address917,32,71.08
623578,Name702,Email11@example.com,Phone8583715269,Address551,54,54.59
787736,Name345,Email527@example.com,Phone5341012453,Address27,42,71.11
140680,Name371,Email112@example.com,Phone9018716519,Address312,40,92.43
989912,Name277,Email720@example.com,Phone1414419240,Address569,30,86.87
515629,Name922,Email240@example.com,Phone4156892641,Address136,27,68.92
635484,Name911,Email687@example.com,Phone6695206339,Address173,28,78.63
349803,Name751,Email177@example.com,Phone6637502292,Address447,54,90.69
670984,Name814,Email45@example.com,Phone2561860651,Address169,23,73.85
676898,Name855,Email658@example.com,Phone7888985771,Address46,59,82.20
