658335,Name997,Email20@example.com,Phone6216470622,Address360,58,70.49
619608,Name580,Email409@example.com,Phone3861901461,Address832,44,83.48
338043,Name819,Email580@example.com,Phone2368873249,Address741,58,81.59
178894,Name738,Email920@example.com,Phone3923145329,Address358,43,53.18
772252,Name148,Email556@example.com,Phone4656850399,Address867,52,96.20
529976,Name425,Email770@example.com,Phone5944272223,Address569,58,56.84
763185,Name749,Email771@example.com,Phone7423381965,Address169,48,63.21
502357,Name440,Email493@example.com,Phone2574929010,Address7,47,98.70
218184,Name369,Email740@example.com,Phone8854290651,Address703,26,91.07
698308,Name232,Email871@example.com,Phone3453620202,Address999,56,50.49
551383,Name378,Email380@example.com,Phone3484629375,Address205,19,74.88
465921,Name816,Email950@example.com,Phone1057778624,Address214,29,79.96
337068,Name273,Email73@example.com,Phone5079954215,Address577,30,88.80
482372,Name432,Email32@example.com,Phone9197620053,Address998,49,97.20
448601,Name741,Email766@example.com,Phone2571026487,Address89,55,74.57
208918,Name159,Email310@example.com,Phone6756836840,Address303,46,57.02
810263,Name837,Email924@example.com,Phone9832946854,Address546,51,98.07
286147,Name384,Email552@example.com,Phone6366743750,Address62,33,88.01
875946,Name625,Email47@example.com,Phone1222164889,Address465,29,81.04
684606,Name818,Email37@example.com,Phone8313791276,Address984,32,97.71
914233,Name535,Email561@example.com,Phone1605789705,Address691,51,86.15
649512,Name530,Email768@example.com,Phone4911620468,Address862,33,98.47
771028,Name253,Email633@example.com,Phone4016584933,Address221,55,57.85
762411,Name619,Email645@example.com,Phone4943973979,Address840,57,72.96
605867,Name659,Email70@example.com,Phone4215069731,Address337,23,67.72
981020,Name39,Email921@example.com,Phone1285928246,Address899,58,58.05
775501,Name773,Email708@example.com,Phone9650849483,Address844,49,81.31
638571,Name558,Email866@example.com,Phone9378667365,Address931,33,92.67
916125,Name478,Email710@example.com,Phone9389663181,Address412,52,79.06
702366,Name980,Email326@example.com,Phone1786299151,Address329,42,96.72
960737,Name787,Email701@example.com,Phone7212480928,Address606,53,83.16
128053,Name606,Email94@example.com,Phone9545502752,Address355,40,73.36
184020,Name589,Email953@example.com,Phone1537577430,Address885,19,69.05
761660,Name11,Email449@example.com,Phone9230676083,Address638,25,58.36
832384,Name754,Email980@example.com,Phone4690529673,Address994,28,65.24
306233,Name629,Email577@example.com,Phone1900213353,Address923,42,62.37
726996,Name244,Email459@example.com,Phone5540226667,Address265,50,97.59
769931,Name166,Email728@example.com,Phone5586481342,Address427,21,82.76
748765,Name282,Email517@example.com,Phone7248406404,Address30,28,81.76
414535,Name452,Email402@example.com,Phone1604160922,Address292,24,80.18
796711,Name768,Email397@example.com,Phone3050435932,Address452,18,76.33
516743,Name510,Email954@example.com,Phone6598291177,Address574,54,96.39
427656,Name482,Email257@example.com,Phone2007475421,Address451,46,56.96
647426,Name447,Email865@example.com,Phone3688772683,Address869,35,70.66
898654,Name238,Email798@example.com,Phone4981735520,Address321,40,70.86
903450,Name648,Email801@example.com,Phone8107046860,Address149,29,70.37
677638,Name51,Email648@example.com,Phone5938971683,Address824,48,69.24
625472,Name329,Email590@example.com,Phone2243647779,Address513,47,86.43
532197,Name238,Email766@example.com,Phone8524715511,Address554,18,58.25
788578,Name100,Email893@example.com,Phone6963799732,Address394,46,71.74
623584,Name962,Email406@example.com,Phone2327756424,Address922,26,96.97
930117,Name304,Email874@example.com,Phone9016772721,Address846,51,71.97
432055,Name692,Email545@example.com,Phone7139421113,Address793,47,95.70
174946,Name435,Email546@example.com,Phone9115109852,Address241,59,75.16
751960,Name312,Email796@example.com,Phone3535321384,Address299,47,99.74
207889,Name527,Email508@example.com,Phone1984318652,Address378,51,56.76
256909,Name6,Email363@example.com,Phone3531499044,Address196,58,92.95
333677,Name161,Email212@example.com,Phone1413762904,Address739,23,99.15
101893,Name64,Email224@example.com,Phone9397349033,Address85,40,75.17
431055,Name635,Email837@example.com,Phone3191913217,Address571,28,76.85
915990,Name84,Email351@example.com,Phone4314516914,Address340,21,77.68
484022,Name882,Email719@example.com,Phone8149840388,Address196,54,91.86
494976,Name561,Email261@example.com,Phone5157919718,Address804,44,93.42
148912,Name357,Email975@example.com,Phone3017607101,Address310,51,94.98
346756,Name39,Email361@example.com,Phone3737553795,Address191,23,71.16
709987,Name606,Email399@example.com,Phone1643453821,Address425,41,88.82
910365,Name581,Email10@example.com,Phone9720349325,Address490,35,70.80
688188,Name222,Email170@example.com,Phone1111645519,Address597,55,78.78
847321,Name864,Email696@example.com,Phone8793030101,Address488,39,95.46
331805,Name687,Email151@example.com,Phone1932101755,Address145,25,78.33
814571,Name883,Email168@example.com,Phone9819310040,Address77,22,63.89
756935,Name414,Email719@example.com,Phone7649073631,Address182,20,51.28
825032,Name923,Email213@example.com,Phone1342363854,Address281,41,94.12
792179,Name25,Email814@example.com,Phone1924046696,Address196,23,79.72
845927,Name747,Email846@example.com,Phone7724451939,Address35,43,63.82
764967,Name302,Email394@example.com,Phone4305234092,Address488,37,85.88
160494,Name119,Email837@example.com,Phone4417406323,Address28,57,66.72
824914,Name234,Email704@example.com,Phone3853695571,Address262,25,80.12
931966,Name572,Email254@example.com,Phone1400767630,Address866,24,76.18
104511,Name69,Email236@example.com,Phone6943414813,Address311,34,76.94
194228,Name104,Email557@example.com,Phone1199878047,Address737,56,82.29
257500,Name903,Email584@example.com,Phone1202665896,Address235,20,83.00
512310,Name971,Email141@example.com,Phone5117083115,Address967,37,81.26
919268,Name664,Email621@example.com,Phone9506398162,Address234,49,59.90
123487,Name67,Email450@example.com,Phone4341156244,Address651,21,75.69
917281,Name550,Email468@example.com,Phone9018165354,Address51,43,50.47
383256,Name620,Email950@example.com,Phone1593469992,Address239,30,63.48
649529,Name770,Email146@example.com,Phone6399905794,Address827,33,96.08
850282,Name266,Email519@example.com,Phone1757765627,Address178,20,92.65
836850,Name60,Email997@example.com,Phone9482416269,Address274,37,84.40
957654,Name960,Email962@example.com,Phone4467867443,Address21,29,72.62
326766,Name476,Email618@example.com,Phone6717017658,Address534,49,63.19
613925,Name584,Email823@example.com,Phone2297647888,Address892,32,51.49
405487,Name663,Email965@example.com,Phone7403820445,Address755,37,92.47
974991,Name131,Email811@example.com,Phone3511312620,Address925,56,51.50
316923,Name718,Email420@example.com,Phone2129081273,Address918,18,78.26
436064,Name896,Email112@example.com,Phone5074772790,Address514,42,89.72
260696,Name223,Email485@example.com,Phone6527153991,Address272,55,66.63
545928,Name497,Email836@example.com,Phone9777680660,Address811,55,61.63
763228,Name888,Email602@example.com,Phone7181966372,Address452,33,98.77
660613,Name583,Email200@example.com,Phone3746435571,Address280,58,69.96
324455,Name712,Email630@example.com,Phone2241759390,Address661,56,77.78
533913,Name393,Email247@example.com,Phone3959565107,Address558,55,53.91
855538,Name90,Email942@example.com,Phone1884206734,Address253,24,55.48
444791,Name628,Email743@example.com,Phone5162391287,Address668,33,88.47
354969,Name817,Email669@example.com,Phone4066570722,Address846,56,98.45
273289,Name943,Email834@example.com,Phone4667264819,Address97,43,69.47
603133,Name162,Email966@example.com,Phone6898801821,Address868,41,59.44
318958,Name556,Email447@example.com,Phone8890083660,Address90,26,76.06
923384,Name448,Email548@example.com,Phone8756666070,Address786,41,78.46
392823,Name781,Email822@example.com,Phone5897592457,Address943,60,63.34
646546,Name653,Email127@example.com,Phone5517072918,Address847,55,88.43
795572,Name251,Email836@example.com,Phone7267690043,Address92,19,76.98
626821,Name650,Email162@example.com,Phone2851668506,Address514,31,74.94
297317,Name664,Email535@example.com,Phone2150832538,Address103,60,87.20
739695,Name467,Email500@example.com,Phone9772489998,Address222,52,98.92
717036,Name757,Email824@example.com,Phone6340271832,Address362,56,73.03
916130,Name994,Email169@example.com,Phone9349777206,Address182,34,56.54
623241,Name248,Email427@example.com,Phone9146804280,Address322,56,67.40
632820,Name907,Email706@example.com,Phone1779189143,Address64,19,63.06
318233,Name801,Email112@example.com,Phone6204817433,Address700,26,84.72
890628,Name967,Email59@example.com,Phone7267294587,Address979,56,62.00
808201,Name236,Email331@example.com,Phone6914076932,Address72,58,50.84
195653,Name655,Email972@example.com,Phone7455059755,Address494,20,90.44
860616,Name500,Email914@example.com,Phone8706634217,Address461,42,81.16
411654,Name878,Email427@example.com,Phone9294836996,Address832,44,65.24
371520,Name201,Email604@example.com,Phone8559102609,Address746,55,86.23
442145,Name698,Email595@example.com,Phone6661185364,Address612,40,97.33
335791,Name15,Email990@example.com,Phone9032980986,Address360,45,51.55
167381,Name658,Email8@example.com,Phone1973935164,Address847,31,86.39
785708,Name562,Email868@example.com,Phone1307246538,Address972,50,92.50
424940,Name952,Email223@example.com,Phone9314877874,Address143,18,53.42
245994,Name983,Email72@example.com,Phone6286193666,Address133,29,78.53
994798,Name929,Email388@example.com,Phone9907364981,Address905,35,85.00
152906,Name697,Email981@example.com,Phone8954664022,Address639,47,75.72
777932,Name740,Email168@example.com,Phone6135822991,Address61,18,63.76
912572,Name550,Email964@example.com,Phone6899514000,Address240,36,56.96
327124,Name800,Email322@example.com,Phone9473415245,Address708,46,69.76
637584,Name472,Email830@example.com,Phone6115306462,Address842,43,84.60
986654,Name114,Email669@example.com,Phone7449423841,Address324,44,68.20
119439,Name341,Email564@example.com,Phone2575406013,Address402,38,79.30
782536,Name771,Email451@example.com,Phone3537115686,Address510,26,55.16
369073,Name929,Email768@example.com,Phone5023174849,Address36,43,50.02
604346,Name880,Email553@example.com,Phone9941908332,Address6,47,54.85
745285,Name944,Email381@example.com,Phone5037308569,Address199,41,75.98
547257,Name819,Email626@example.com,Phone6934329039,Address466,60,80.51
419774,Name510,Email306@example.com,Phone8247651576,Address707,49,91.31
353360,Name899,Email463@example.com,Phone5506666562,Address541,39,69.52
765196,Name40,Email474@example.com,Phone3670252781,Address721,22,98.78
140160,Name590,Email923@example.com,Phone8585166395,Address310,46,94.18
859898,Name928,Email414@example.com,Phone2788513696,Address73,35,68.06
889458,Name599,Email779@example.com,Phone3593084150,Address816,22,95.14
993326,Name386,Email298@example.com,Phone4211231695,Address829,27,76.92
966204,Name751,Email807@example.com,Phone8438479164,Address179,26,56.56
727861,Name731,Email325@example.com,Phone8540964166,Address947,54,82.65
763607,Name612,Email552@example.com,Phone6696572639,Address346,41,87.95
719863,Name782,Email685@example.com,Phone5099562053,Address873,22,70.25
847758,Name85,Email535@example.com,Phone9574238256,Address493,52,54.46
806517,Name647,Email396@example.com,Phone7554384856,Address618,20,84.15
792346,Name961,Email911@example.com,Phone2172410499,Address470,40,50.81
362852,Name492,Email124@example.com,Phone3739872676,Address297,51,79.58
444685,Name997,Email352@example.com,Phone2297252298,Address554,26,94.19
782331,Name504,Email424@example.com,Phone1295275617,Address586,45,74.92
592213,Name477,Email324@example.com,Phone9798612389,Address800,38,80.58
645510,Name988,Email21@example.com,Phone1344118398,Address588,25,61.86
892158,Name494,Email505@example.com,Phone6457784670,Address69,35,94.51
126901,Name593,Email18@example.com,Phone7751013072,Address890,51,84.46
567991,Name385,Email518@example.com,Phone9794942384,Address165,56,67.29
384322,Name202,Email910@example.com,Phone7390467445,Address849,46,53.44
557470,Name184,Email996@example.com,Phone7185558872,Address829,32,72.85
941528,Name708,Email250@example.com,Phone5654847559,Address231,48,92.06
120003,Name544,Email665@example.com,Phone4980101136,Address630,37,70.50
548526,Name414,Email164@example.com,Phone8500526100,Address761,33,84.77
250093,Name907,Email516@example.com,Phone5562749844,Address627,52,72.76
465844,Name115,Email231@example.com,Phone1388946797,Address814,40,99.92
348939,Name51,Email456@example.com,Phone2339750442,Address927,58,86.02
604586,Name519,Email888@example.com,Phone9203763506,Address735,42,67.77
255963,Name424,Email518@example.com,Phone8609955151,Address53,32,52.90
136071,Name598,Email219@example.com,Phone2756676309,Address810,33,98.00
120823,Name737,Email652@example.com,Phone2773412880,Address438,34,77.65
158706,Name676,Email156@example.com,Phone1417974114,Address411,30,87.87
133866,Name552,Email449@example.com,Phone7989266625,Address499,37,54.39
653697,Name798,Email934@example.com,Phone5380353321,Address148,29,89.05
398905,Name584,Email427@example.com,Phone6174293471,Address426,53,80.28
834727,Name769,Email903@example.com,Phone3132036669,Address156,48,71.99
786180,Name666,Email405@example.com,Phone2040037416,Address939,60,89.19
657250,Name137,Email94@example.com,Phone1634523219,Address495,24,94.61
898998,Name983,Email513@example.com,Phone9103755928,Address39,39,63.97
833438,Name607,Email47@example.com,Phone9322721980,Address918,58,51.75
119427,Name442,Email184@example.com,Phone6185932560,Address76,50,94.05
698501,Name934,Email265@example.com,Phone8562125451,Address715,37,90.13
695328,Name32,Email237@example.com,Phone5249790126,Address380,30,80.38
840860,Name68,Email992@example.com,Phone7556529091,Address2,38,76.89
922487,Name984,Email376@example.com,Phone8722325854,Address187,42,78.48
525340,Name951,Email383@example.com,Phone5272273269,Address168,36,89.22
318121,Name115,Email863@example.com,Phone1045618495,Address810,28,57.41
728154,Name918,Email199@example.com,Phone5721570625,Address444,45,91.25
116405,Name221,Email335@example.com,Phone8769609019,Address140,36,78.93
648016,Name135,Email725@example.com,Phone6265851969,Address498,53,95.64
733138,Name869,Email100@example.com,Phone7033980095,Address231,45,69.06
476789,Name143,Email423@example.com,Phone8469549368,Address456,19,78.33
227285,Name655,Email801@example.com,Phone3984700582,Address373,42,64.09
885532,Name504,Email37@example.com,Phone2254059287,Address32,54,71.41
730141,Name531,Email2@example.com,Phone3253966737,Address432,38,61.64
400203,Name281,Email455@example.com,Phone6025570592,Address445,60,54.62
453145,Name232,Email233@example.com,Phone8161443810,Address360,36,79.82
665580,Name817,Email599@example.com,Phone2380783784,Address944,59,87.60
914033,Name194,Email775@example.com,Phone5914619712,Address812,58,74.70
269076,Name261,Email603@example.com,Phone1323672871,Address492,47,81.39
995205,Name60,Email666@example.com,Phone8928719507,Address909,57,88.25
236887,Name646,Email860@example.com,Phone2625410101,Address56,39,73.32
985989,Name472,Email38@example.com,Phone4522255629,Address82,50,65.91
584375,Name43,Email569@example.com,Phone3682157052,Address592,45,95.07
964842,Name596,Email194@example.com,Phone7502929444,Address850,49,85.61
363511,Name298,Email919@example.com,Phone7951043726,Address961,54,54.85
669914,Name567,Email628@example.com,Phone4230952695,Address776,52,82.54
637841,Name393,Email433@example.com,Phone5868174490,Address162,40,73.43
409660,Name788,Email746@example.com,Phone2422767111,Address329,34,75.28
161261,Name214,Email168@example.com,Phone3517761848,Address318,33,63.24
452165,Name272,Email987@example.com,Phone7417559083,Address340,56,57.28
518415,Name215,Email452@example.com,Phone8096199576,Address671,23,70.77
232618,Name707,Email889@example.com,Phone3475531579,Address110,38,78.18
593573,Name190,Email160@example.com,Phone5631502340,Address914,42,72.44
596338,Name227,Email867@example.com,Phone9807922736,Address552,30,68.18
655801,Name932,Email429@example.com,Phone6408790061,Address828,55,81.32
730276,Name630,Email18@example.com,Phone9244181366,Address22,38,89.91
138264,Name128,Email297@example.com,Phone1869367035,Address822,37,57.05
245522,Name75,Email210@example.com,Phone8975288440,Address689,45,52.20
485325,Name134,Email150@example.com,Phone8664594916,Address367,30,99.77
697164,Name734,Email828@example.com,Phone6738922128,Address677,46,66.53
395696,Name469,Email452@example.com,Phone6869733677,Address15,26,78.98
980702,Name379,Email459@example.com,Phone4070202673,Address586,30,90.51
783170,Name397,Email46@example.com,Phone7523313113,Address740,26,81.22
227946,Name260,Email34@example.com,Phone8593239607,Address298,59,92.14
192656,Name495,Email720@example.com,Phone3091146466,Address40,33,70.67
485487,Name409,Email517@example.com,Phone7421188662,Address299,30,64.90
157843,Name97,Email673@example.com,Phone1972737966,Address421,24,52.64
899133,Name263,Email260@example.com,Phone9258354881,Address813,21,57.57
967850,Name140,Email493@example.com,Phone4950372985,Address537,53,52.75
870594,Name618,Email359@example.com,Phone5965139836,Address788,60,77.54
999122,Name904,Email949@example.com,Phone6801073304,Address141,29,59.52
820930,Name530,Email516@example.com,Phone2334628145,Address630,52,78.59
805449,Name41,Email740@example.com,Phone4251419248,Address467,51,56.83
615294,Name176,Email491@example.com,Phone4147418366,Address897,60,91.74
591031,Name294,Email897@example.com,Phone7486065837,Address486,32,94.32
684209,Name826,Email271@example.com,Phone7017510031,Address763,18,62.22
577342,Name444,Email711@example.com,Phone6827337935,Address747,38,91.92
716379,Name706,Email987@example.com,Phone5870686699,Address351,56,72.50
203085,Name566,Email580@example.com,Phone4530944579,Address697,43,78.45
508985,Name176,Email111@example.com,Phone3088832042,Address232,34,54.86
245135,Name177,Email92@example.com,Phone9939060213,Address851,57,71.92
706772,Name512,Email173@example.com,Phone6987815799,Address945,38,59.77
526848,Name36,Email560@example.com,Phone1878387716,Address965,36,58.33
362784,Name163,Email160@example.com,Phone1489749517,Address460,48,93.62
240320,Name11,Email815@example.com,Phone3263796292,Address751,36,96.44
319873,Name179,Email676@example.com,Phone5171724265,Address626,55,74.15
960896,Name395,Email823@example.com,Phone3981820251,Address509,22,56.09
914536,Name479,Email849@example.com,Phone7618120734,Address504,41,59.82
703650,Name982,Email761@example.com,Phone5150157940,Address577,48,83.72
208147,Name640,Email43@example.com,Phone7400887022,Address575,41,73.48
277751,Name814,Email617@example.com,Phone6780834719,Address809,48,54.14
974327,Name558,Email140@example.com,Phone3147697629,Address934,59,73.26
190780,Name527,Email549@example.com,Phone6504379778,Address700,20,66.26
232729,Name290,Email976@example.com,Phone6029632993,Address525,56,98.79
175015,Name211,Email497@example.com,Phone1345362989,Address115,37,73.30
246351,Name764,Email408@example.com,Phone5869667486,Address758,55,56.99
943106,Name687,Email740@example.com,Phone4572405164,Address722,38,69.65
926325,Name787,Email929@example.com,Phone6350389220,Address578,23,90.28
406254,Name201,Email722@example.com,Phone4241099750,Address606,58,65.16
628589,Name642,Email572@example.com,Phone3248804026,Address773,39,50.68
338775,Name236,Email348@example.com,Phone6542054919,Address633,28,55.82
743656,Name162,Email699@example.com,Phone8521888543,Address824,31,95.40
915881,Name6,Email267@example.com,Phone4837089873,Address117,26,64.83
765531,Name275,Email351@example.com,Phone9006544539,Address107,51,70.38
513019,Name85,Email806@example.com,Phone6858033218,Address172,22,60.45
407356,Name536,Email914@example.com,Phone1607054771,Address979,23,51.93
291951,Name676,Email650@example.com,Phone1080452221,Address376,54,53.15
329990,Name429,Email267@example.com,Phone4169900678,Address476,48,81.43
685531,Name840,Email380@example.com,Phone9242664094,Address496,49,67.50
481366,Name408,Email117@example.com,Phone6517294174,Address914,22,86.37
668594,Name305,Email470@example.com,Phone5505499617,Address840,48,92.99
417798,Name647,Email935@example.com,Phone5136124076,Address148,52,59.63
511829,Name114,Email175@example.com,Phone1302138915,Address794,56,72.52
801322,Name672,Email722@example.com,Phone8267499721,Address809,20,87.29
882252,Name504,Email956@example.com,Phone8118414117,Address483,57,91.71
827817,Name781,Email283@example.com,Phone9404793123,Address468,56,73.13
595245,Name709,Email762@example.com,Phone1668704264,Address877,58,92.52
552306,Name953,Email155@example.com,Phone4546061515,Address749,19,50.23
525928,Name4,Email517@example.com,Phone3275854302,Address336,28,86.23
132090,Name231,Email680@example.com,Phone2430279550,Address771,51,58.94
351029,Name785,Email835@example.com,Phone7923868173,Address926,60,79.51
766016,Name986,Email320@example.com,Phone5780228147,Address548,27,62.28
535054,Name551,Email73@example.com,Phone7889817866,Address762,24,88.24
994845,Name995,Email819@example.com,Phone6371554360,Address344,34,82.91
188469,Name768,Email440@example.com,Phone4650982856,Address277,57,96.34
334973,Name218,Email499@example.com,Phone1470338786,Address662,53,81.70
239743,Name238,Email427@example.com,Phone9282473514,Address514,32,72.94
849084,Name661,Email572@example.com,Phone9939262824,Address459,55,55.79
983380,Name205,Email913@example.com,Phone4357441283,Address710,27,58.72
188940,Name956,Email776@example.com,Phone8627230274,Address906,24,55.44
512797,Name72,Email582@example.com,Phone4952896433,Address188,41,95.70
504093,Name1,Email246@example.com,Phone4863212805,Address73,25,55.62
200975,Name276,Email200@example.com,Phone5432770761,Address943,60,51.35
903778,Name145,Email552@example.com,Phone2784873828,Address644,59,85.33
224572,Name345,Email233@example.com,Phone6951188706,Address528,22,90.08
952339,Name285,Email492@example.com,Phone6529707752,Address424,23,83.93
499652,Name725,Email261@example.com,Phone1480601311,Address210,37,73.07
647774,Name479,Email574@example.com,Phone6191384419,Address838,54,94.60
376106,Name506,Email613@example.com,Phone2958606883,Address707,28,71.75
139022,Name450,Email117@example.com,Phone8144149139,Address80,40,67.64
850963,Name702,Email886@example.com,Phone2943775610,Address106,21,63.27
624136,Name539,Email597@example.com,Phone5353248586,Address373,22,54.61
885133,Name687,Email115@example.com,Phone2514742541,Address961,20,86.90
661878,Name14,Email683@example.com,Phone4193078530,Address780,29,78.92
852874,Name564,Email464@example.com,Phone6894153726,Address694,29,57.89
877263,Name276,Email731@example.com,Phone8666631516,Address661,28,74.74
305595,Name965,Email840@example.com,Phone9002516092,Address400,19,54.15
138677,Name338,Email16@example.com,Phone8636350984,Address888,40,95.43
847623,Name730,Email20@example.com,Phone7113320022,Address432,42,61.69
696710,Name187,Email790@example.com,Phone8161243272,Address363,41,64.70
978614,Name237,Email14@example.com,Phone7162060294,Address345,28,64.25
248960,Name255,Email485@example.com,Phone1987588352,Address198,59,60.68
859355,Name701,Email530@example.com,Phone1676267432,Address169,19,90.22
633512,Name633,Email655@example.com,Phone1793359607,Address53,54,64.83
704703,Name412,Email199@example.com,Phone5714112729,Address904,42,80.78
648639,Name952,Email403@example.com,Phone2434422129,Address362,30,67.96
912293,Name422,Email338@example.com,Phone5745286521,Address422,47,62.43
318695,Name413,Email230@example.com,Phone6636408292,Address576,52,62.68
918429,Name634,Email81@example.com,Phone1343960605,Address92,32,62.54
871152,Name683,Email502@example.com,Phone4038172157,Address577,18,71.16
238848,Name63,Email760@example.com,Phone5468302801,Address292,28,61.45
506294,Name708,Email44@example.com,Phone1220997332,Address819,46,88.97
967339,Name48,Email824@example.com,Phone7383838138,Address413,37,61.29
140469,Name932,Email105@example.com,Phone4547250674,Address233,45,64.48
309131,Name182,Email816@example.com,Phone3048178610,Address830,50,83.66
791995,Name910,Email438@example.com,Phone9780633317,Address393,55,70.72
101955,Name256,Email878@example.com,Phone7297961599,Address405,18,63.53
542527,Name627,Email292@example.com,Phone7780524495,Address426,39,69.71
176608,Name62,Email675@example.com,Phone5059605377,Address849,47,72.98
278541,Name782,Email396@example.com,Phone2279339025,Address741,23,94.01
973066,Name977,Email903@example.com,Phone8832852305,Address494,45,95.77
400260,Name782,Email74@example.com,Phone8265221045,Address790,30,89.43
513306,Name95,Email501@example.com,Phone5483208924,Address668,18,79.04
271475,Name607,Email702@example.com,Phone8052135978,Address702,57,97.07
353490,Name860,Email489@example.com,Phone3039610297,Address792,53,66.16
611448,Name616,Email227@example.com,Phone1512183579,Address287,46,97.30
280741,Name375,Email821@example.com,Phone2447250293,Address998,51,90.48
280221,Name896,Email7@example.com,Phone5599333879,Address240,19,94.76
941978,Name654,Email14@example.com,Phone1444223255,Address517,36,53.79
950432,Name465,Email273@example.com,Phone7120143463,Address991,27,76.00
527031,Name623,Email945@example.com,Phone1007387854,Address91,40,64.52
882072,Name374,Email749@example.com,Phone9955403016,Address204,30,99.53
571273,Name951,Email258@example.com,Phone6115411363,Address952,59,91.34
782550,Name416,Email905@example.com,Phone4816275775,Address74,55,82.76
143301,Name34,Email971@example.com,Phone4171946667,Address977,31,87.47
573861,Name746,Email680@example.com,Phone8462165696,Address195,25,53.60
417749,Name670,Email245@example.com,Phone1161878829,Address949,30,98.30
279112,Name570,Email459@example.com,Phone6887157847,Address950,22,68.54
281123,Name616,Email973@example.com,Phone5063279867,Address338,36,62.00
794256,Name944,Email977@example.com,Phone2613559773,Address69,25,88.91
443025,Name936,Email903@example.com,Phone1669944941,Address251,19,86.71
684072,Name1,Email365@example.com,Phone7174159612,Address56,31,87.57
969049,Name549,Email530@example.com,Phone1785704223,Address33,18,72.92
482109,Name95,Email755@example.com,Phone6613390865,Address300,20,76.70
760378,Name633,Email390@example.com,Phone3178785855,Address976,31,53.84
181518,Name637,Email886@example.com,Phone8297191394,Address269,50,84.01
623175,Name606,Email146@example.com,Phone4615201441,Address730,26,98.16
461759,Name58,Email922@example.com,Phone6158514991,Address662,19,69.52
533511,Name48,Email841@example.com,Phone2041839251,Address642,31,66.96
525758,Name384,Email796@example.com,Phone4041049167,Address683,34,89.79
773251,Name778,Email365@example.com,Phone8305934229,Address120,36,84.39
283528,Name92,Email155@example.com,Phone8816974777,Address620,54,83.07
597665,Name939,Email313@example.com,Phone2532229428,Address429,36,92.31
453695,Name243,Email475@example.com,Phone4555862354,Address610,19,61.50
174610,Name845,Email711@example.com,Phone3294880194,Address184,59,97.80
807965,Name422,Email414@example.com,Phone1906679793,Address267,27,94.45
277953,Name445,Email579@example.com,Phone9806371660,Address527,25,67.89
105065,Name14,Email224@example.com,Phone6612094778,Address459,31,58.54
808964,Name107,Email686@example.com,Phone8488707325,Address579,51,67.55
199837,Name514,Email162@example.com,Phone8661716785,Address569,39,76.95
169027,Name500,Email759@example.com,Phone7326093283,Address231,23,85.23
249149,Name726,Email593@example.com,Phone1134918054,Address721,33,65.68
898363,Name512,Email894@example.com,Phone2690005883,Address151,54,64.92
317235,Name542,Email577@example.com,Phone7101860333,Address836,52,69.79
831282,Name892,Email998@example.com,Phone8135284589,Address76,43,95.26
238332,Name445,Email234@example.com,Phone2868788178,Address633,44,99.14
371556,Name514,Email796@example.com,Phone3671053542,Address80,57,67.90
660038,Name341,Email32@example.com,Phone7957640350,Address3,47,80.77
475661,Name898,Email453@example.com,Phone7243075247,Address834,25,86.16
665217,Name393,Email92@example.com,Phone5967142891,Address54,54,67.06
448157,Name90,Email498@example.com,Phone4820908096,Address279,60,79.42
612296,Name392,Email703@example.com,Phone3994912057,Address153,49,50.22
369557,Name548,Email746@example.com,Phone1148114454,Address608,31,58.79
459443,Name536,Email971@example.com,Phone1093279086,Address201,49,86.82
520358,Name944,Email14@example.com,Phone8623070774,Address451,28,60.77
858614,Name716,Email555@example.com,Phone8180668212,Address124,44,77.33
972049,Name533,Email128@example.com,Phone3543791595,Address367,56,84.21
576527,Name450,Email906@example.com,Phone8390577931,Address157,56,99.80
881975,Name468,Email846@example.com,Phone2726564127,Address231,24,79.70
134735,Name277,Email648@example.com,Phone4950439358,Address275,18,85.38
854932,Name773,Email290@example.com,Phone6508633301,Address629,34,89.51
543488,Name808,Email993@example.com,Phone4064330474,Address782,25,62.82
214676,Name925,Email608@example.com,Phone3435051704,Address583,30,57.52
344564,Name346,Email287@example.com,Phone3452173925,Address286,31,98.14
328020,Name650,Email946@example.com,Phone2428189563,Address865,57,67.20
834450,Name764,Email488@example.com,Phone4718339378,Address192,58,93.40
777843,Name751,Email667@example.com,Phone1401671791,Address205,57,74.53
174011,Name931,Email408@example.com,Phone1816035845,Address494,41,68.28
582861,Name725,Email151@example.com,Phone1761642064,Address239,33,91.04
693391,Name693,Email658@example.com,Phone3076858419,Address466,53,73.83
898248,Name723,Email330@example.com,Phone4499222718,Address748,41,69.96
680350,Name410,Email983@example.com,Phone4325022328,Address518,24,70.65
140318,Name182,Email265@example.com,Phone5914749729,Address920,19,56.58
108622,Name77,Email221@example.com,Phone7384114030,Address838,38,79.16
435961,Name741,Email278@example.com,Phone1804175889,Address956,29,94.97
136315,Name327,Email328@example.com,Phone8715709207,Address854,27,75.46
555041,Name244,Email481@example.com,Phone7777095730,Address531,60,67.46
262976,Name372,Email278@example.com,Phone1910465718,Address773,55,93.66
715261,Name379,Email584@example.com,Phone5359467704,Address68,25,54.03
139820,Name554,Email886@example.com,Phone8802530247,Address404,31,94.50
449938,Name663,Email350@example.com,Phone1626573636,Address858,51,61.60
837129,Name108,Email784@example.com,Phone3865565155,Address820,40,55.54
648517,Name477,Email438@example.com,Phone8325567850,Address157,20,97.22
330306,Name751,Email865@example.com,Phone7451081175,Address562,42,77.51
818763,Name76,Email753@example.com,Phone3693830412,Address791,36,93.30
951964,Name651,Email269@example.com,Phone3405087439,Address150,59,92.04
699125,Name422,Email994@example.com,Phone5076162212,Address844,33,74.17
206320,Name327,Email836@example.com,Phone2287873448,Address788,56,71.37
649052,Name772,Email709@example.com,Phone6862321442,Address333,53,60.02
942698,Name745,Email60@example.com,Phone5233484914,Address523,29,69.81
170713,Name384,Email569@example.com,Phone3353283330,Address72,44,78.80
950141,Name459,Email648@example.com,Phone8505114464,Address386,21,85.24
619711,Name867,Email549@example.com,Phone2973939504,Address978,36,50.06
989314,Name628,Email49@example.com,Phone8960913431,Address852,38,78.45
644741,Name643,Email649@example.com,Phone1645909660,Address723,51,77.55
926706,Name397,Email236@example.com,Phone4781636504,Address573,57,64.64
204340,Name189,Email611@example.com,Phone5897970248,Address189,25,93.06
111580,Name282,Email30@example.com,Phone6075947815,Address648,33,75.97
928004,Name796,Email122@example.com,Phone4025067752,Address589,36,81.84
274203,Name152,Email774@example.com,Phone3404171915,Address818,57,85.93
500993,Name421,Email299@example.com,Phone5910141883,Address24,45,91.04
609046,Name452,Email666@example.com,Phone4031163452,Address373,18,60.79
341267,Name232,Email182@example.com,Phone3407506884,Address530,28,99.52
732890,Name558,Email82@example.com,Phone2816126054,Address136,53,79.22
305448,Name797,Email573@example.com,Phone8577595473,Address422,23,69.54
832806,Name589,Email495@example.com,Phone1105213737,Address278,40,76.55
266739,Name302,Email279@example.com,Phone2222975216,Address366,57,88.35
226434,Name534,Email330@example.com,Phone6117568899,Address623,37,83.77
798795,Name53,Email528@example.com,Phone4953855710,Address477,50,55.99
958350,Name540,Email923@example.com,Phone7048697892,Address803,55,60.38
837723,Name325,Email217@example.com,Phone4561060288,Address258,36,72.19
767789,Name218,Email831@example.com,Phone3018238079,Address706,31,62.23
223832,Name73,Email229@example.com,Phone9089452418,Address424,58,81.85
465002,Name766,Email229@example.com,Phone8840677729,Address511,38,85.58
947003,Name901,Email659@example.com,Phone9283545347,Address872,30,89.68
343996,Name25,Email213@example.com,Phone3700862885,Address670,40,65.97
256699,Name727,Email268@example.com,Phone8648310259,Address28,48,73.94
556080,Name426,Email271@example.com,Phone9255196457,Address396,49,94.00
951683,Name108,Email317@example.com,Phone9541744368,Address590,25,67.11
904231,Name19,Email556@example.com,Phone2354533583,Address544,24,94.62
214706,Name598,Email562@example.com,Phone3158934989,Address678,21,76.62
509018,Name758,Email23@example.com,Phone2150829136,Address363,33,65.56
188321,Name310,Email422@example.com,Phone1740359178,Address523,35,76.42
718878,Name737,Email85@example.com,Phone4813209018,Address927,60,85.23
913174,Name728,Email725@example.com,Phone7871520481,Address245,32,95.97
835711,Name577,Email404@example.com,Phone3536664502,Address60,24,78.90
409325,Name772,Email877@example.com,Phone1252012249,Address764,60,55.18
208472,Name518,Email161@example.com,Phone9895372502,Address590,55,57.44
154216,Name263,Email640@example.com,Phone8968389718,Address453,24,65.16
259489,Name67,Email289@example.com,Phone7673345721,Address283,60,68.19
862843,Name304,Email434@example.com,Phone8611274813,Address179,55,66.50
541337,Name870,Email857@example.com,Phone2430993029,Address849,20,52.15
949609,Name323,Email993@example.com,Phone6459435928,Address336,21,97.55
664407,Name152,Email234@example.com,Phone7547400096,Address815,21,62.41
770719,Name164,Email249@example.com,Phone9563419641,Address328,19,92.82
149603,Name743,Email783@example.com,Phone8989044109,Address624,42,57.40
266225,Name446,Email770@example.com,Phone3258776141,Address650,33,56.61
140997,Name467,Email340@example.com,Phone7999519555,Address489,33,74.79
914123,Name540,Email569@example.com,Phone7933989634,Address486,28,78.50
680041,Name745,Email60@example.com,Phone7753741308,Address887,21,75.98
732919,Name544,Email72@example.com,Phone1289209500,Address480,24,62.48
622760,Name594,Email116@example.com,Phone3865106741,Address645,20,54.08
906309,Name44,Email79@example.com,Phone7094136637,Address978,32,68.81
480272,Name601,Email319@example.com,Phone9873268286,Address834,25,92.22
185919,Name420,Email139@example.com,Phone9449944379,Address899,24,82.33
216389,Name26,Email644@example.com,Phone2215940021,Address9,42,87.07
424158,Name961,Email161@example.com,Phone7655886767,Address858,42,64.91
105448,Name786,Email296@example.com,Phone1073905068,Address369,35,75.70
809535,Name770,Email295@example.com,Phone2125892807,Address125,18,63.43
912232,Name9,Email599@example.com,Phone6195297055,Address259,32,79.12
502399,Name487,Email107@example.com,Phone1527045776,Address270,55,80.38
545559,Name826,Email163@example.com,Phone9547991426,Address39,26,93.32
707600,Name587,Email277@example.com,Phone7068462407,Address125,33,98.20
477737,Name397,Email224@example.com,Phone3883653404,Address556,51,59.92
913479,Name481,Email620@example.com,Phone5852808360,Address474,56,79.27
194994,Name360,Email315@example.com,Phone3136905956,Address374,30,99.94
935496,Name415,Email728@example.com,Phone4810842825,Address910,26,97.89
716251,Name715,Email578@example.com,Phone9591105554,Address352,29,53.13
319462,Name924,Email284@example.com,Phone7448599261,Address810,35,74.94
597210,Name923,Email837@example.com,Phone6606607800,Address696,19,97.85
313666,Name497,Email638@example.com,Phone2578240508,Address940,21,71.51
674402,Name741,Email930@example.com,Phone1636973393,Address983,28,62.40
841446,Name1,Email858@example.com,Phone7983124676,Address789,44,53.18
245486,Name48,Email757@example.com,Phone9553651620,Address508,51,97.90
377719,Name370,Email565@example.com,Phone5404837956,Address300,27,79.47
179655,Name752,Email232@example.com,Phone3964400766,Address337,40,63.25
131821,Name764,Email28@example.com,Phone5700080617,Address388,57,57.46
287736,Name811,Email772@example.com,Phone3662051645,Address917,35,58.88
970227,Name846,Email206@example.com,Phone1440509666,Address768,23,51.49
947325,Name754,Email564@example.com,Phone6421847074,Address178,32,50.28
557542,Name856,Email123@example.com,Phone8651854955,Address230,30,78.94
184925,Name379,Email526@example.com,Phone5876591167,Address657,40,83.70
575044,Name100,Email771@example.com,Phone6603636076,Address734,45,63.21
986334,Name262,Email73@example.com,Phone6919559870,Address99,18,51.80
763505,Name441,Email768@example.com,Phone5272485063,Address954,38,92.39
239508,Name82,Email141@example.com,Phone7909992189,Address852,41,89.54
427607,Name536,Email658@example.com,Phone5157290061,Address330,28,75.65
582662,Name822,Email494@example.com,Phone4963772979,Address243,54,80.75
552635,Name850,Email2@example.com,Phone1174594428,Address1000,31,62.81
440294,Name355,Email471@example.com,Phone5655415877,Address678,39,68.90
484596,Name343,Email637@example.com,Phone7812456740,Address117,44,70.12
704262,Name799,Email891@example.com,Phone8459372785,Address69,24,64.75
722625,Name70,Email354@example.com,Phone1364738053,Address633,23,64.68
751342,Name55,Email596@example.com,Phone6928558629,Address183,41,83.70
670063,Name892,Email955@example.com,Phone1787582141,Address657,21,71.58
464117,Name897,Email486@example.com,Phone8999567066,Address865,30,61.87
279848,Name783,Email983@example.com,Phone8411112725,Address678,36,81.27
486895,Name874,Email975@example.com,Phone6606183808,Address306,34,90.33
296180,Name981,Email650@example.com,Phone8132115316,Address382,24,82.63
724321,Name39,Email682@example.com,Phone6121684886,Address548,32,60.04
245929,Name948,Email725@example.com,Phone2404779163,Address792,18,84.11
135254,Name624,Email692@example.com,Phone3754759683,Address732,53,68.43
367638,Name204,Email732@example.com,Phone5300969094,Address46,23,62.90
354662,Name198,Email144@example.com,Phone8256932405,Address454,32,61.04
192309,Name616,Email324@example.com,Phone8560584515,Address208,20,84.49
723296,Name130,Email212@example.com,Phone2011324071,Address184,45,59.20
246405,Name980,Email311@example.com,Phone4043588050,Address407,26,99.23
549145,Name248,Email692@example.com,Phone4148405595,Address614,23,52.59
338643,Name442,Email878@example.com,Phone9435341914,Address956,46,77.13
545127,Name711,Email194@example.com,Phone7810924627,Address931,28,67.07
349458,Name472,Email713@example.com,Phone4002177243,Address814,57,97.81
521779,Name598,Email211@example.com,Phone4426384773,Address754,24,95.67
424650,Name729,Email378@example.com,Phone7789763596,Address534,33,66.36
400793,Name725,Email450@example.com,Phone3501529495,Address482,36,80.16
691040,Name907,Email261@example.com,Phone9287471032,Address997,42,74.50
356537,Name490,Email174@example.com,Phone8757940951,Address658,34,78.37
480308,Name926,Email879@example.com,Phone3701704675,Address349,19,84.97
695647,Name37,Email79@example.com,Phone1780212429,Address180,56,62.43
715259,Name934,Email101@example.com,Phone5219913134,Address781,26,91.83
826434,Name900,Email543@example.com,Phone9624711961,Address828,48,61.18
219384,Name589,Email164@example.com,Phone7236634716,Address138,59,51.47
953073,Name472,Email395@example.com,Phone5605942963,Address821,30,56.85
826889,Name454,Email603@example.com,Phone8267249304,Address206,30,87.91
374624,Name407,Email403@example.com,Phone1075338347,Address642,36,91.19
746239,Name915,Email534@example.com,Phone8133145534,Address884,30,59.90
557927,Name822,Email535@example.com,Phone2660683976,Address694,49,81.76
864029,Name407,Email896@example.com,Phone9445594282,Address913,35,76.74
572635,Name878,Email674@example.com,Phone3149469750,Address832,26,58.45
472859,Name468,Email690@example.com,Phone2903043471,Address343,38,81.00
510362,Name898,Email267@example.com,Phone5220241647,Address665,39,59.09
883518,Name118,Email428@example.com,Phone9634766240,Address644,28,56.32
256379,Name735,Email607@example.com,Phone9417023820,Address937,59,77.22
622790,Name326,Email788@example.com,Phone2071634353,Address330,46,65.61
801417,Name981,Email391@example.com,Phone1949853033,Address859,33,96.90
256059,Name980,Email406@example.com,Phone7492951170,Address953,23,59.10
739415,Name259,Email762@example.com,Phone5659216499,Address550,49,74.56
270592,Name131,Email73@example.com,Phone8966016986,Address448,41,89.84
932259,Name567,Email240@example.com,Phone5933625504,Address271,55,61.88
884657,Name444,Email214@example.com,Phone1244121508,Address785,36,60.23
443469,Name558,Email742@example.com,Phone4076774526,Address269,58,66.20
696807,Name935,Email285@example.com,Phone4027032405,Address946,18,96.77
569829,Name630,Email251@example.com,Phone1494535222,Address906,18,74.62
461692,Name897,Email907@example.com,Phone1644540042,Address538,54,87.08
489462,Name279,Email426@example.com,Phone6845421407,Address646,57,90.61
179087,Name461,Email828@example.com,Phone6424267659,Address833,34,97.10
327001,Name758,Email448@example.com,Phone6890748750,Address207,41,56.01
673912,Name845,Email686@example.com,Phone1821524833,Address311,27,84.88
318881,Name649,Email301@example.com,Phone3800974712,Address17,58,73.33
100108,Name968,Email769@example.com,Phone7740222393,Address805,49,60.99
879064,Name743,Email492@example.com,Phone8301046916,Address409,24,84.82
776102,Name298,Email516@example.com,Phone2286014758,Address61,43,95.85
868427,Name781,Email815@example.com,Phone6621658425,Address395,32,80.77
604654,Name200,Email883@example.com,Phone5187403433,Address85,50,97.95
158566,Name350,Email477@example.com,Phone9730192140,Address212,31,75.77
547229,Name176,Email630@example.com,Phone1944387806,Address150,33,84.50
749077,Name837,Email104@example.com,Phone1538494524,Address844,18,55.02
645393,Name29,Email607@example.com,Phone5349342593,Address74,23,96.61
467081,Name391,Email247@example.com,Phone5246602364,Address920,36,54.76
679022,Name439,Email533@example.com,Phone6903142068,Address604,47,61.54
263768,Name529,Email366@example.com,Phone4659376171,Address119,31,87.00
855212,Name52,Email10@example.com,Phone4158056782,Address420,22,67.19
168588,Name786,Email986@example.com,Phone2372826390,Address332,37,89.20
944352,Name53,Email682@example.com,Phone5405440408,Address606,52,90.51
623359,Name311,Email766@example.com,Phone9319891661,Address489,35,68.98
504062,Name955,Email790@example.com,Phone8181815040,Address304,33,90.48
816120,Name903,Email617@example.com,Phone4757305921,Address809,25,77.90
180499,Name458,Email123@example.com,Phone1472545477,Address292,37,66.99
294950,Name116,Email627@example.com,Phone2445196418,Address351,37,96.67
608879,Name186,Email316@example.com,Phone8093005016,Address198,34,68.90
702688,Name226,Email656@example.com,Phone1906303601,Address783,29,59.73
547270,Name142,Email477@example.com,Phone9659088765,Address183,24,77.47
380855,Name862,Email862@example.com,Phone6387765806,Address353,57,61.40
981057,Name816,Email236@example.com,Phone9304271091,Address231,40,59.10
965841,Name214,Email983@example.com,Phone8467807588,Address765,42,87.05
200893,Name380,Email401@example.com,Phone8807124459,Address126,22,65.49
992997,Name294,Email816@example.com,Phone3522405058,Address175,28,95.19
667083,Name536,Email627@example.com,Phone4749558863,Address880,20,52.36
790199,Name501,Email268@example.com,Phone3261576512,Address163,45,64.99
409236,Name321,Email996@example.com,Phone6036566769,Address823,42,71.33
145138,Name724,Email859@example.com,Phone3039864448,Address998,18,92.11
167405,Name878,Email226@example.com,Phone9429358732,Address499,21,67.73
150403,Name989,Email727@example.com,Phone4267426251,Address325,50,57.42
755084,Name556,Email985@example.com,Phone1290067434,Address412,39,96.70
139310,Name968,Email442@example.com,Phone9119007166,Address403,19,88.02
648414,Name260,Email27@example.com,Phone4045673649,Address593,53,97.67
456106,Name476,Email416@example.com,Phone1539483821,Address744,30,81.36
603363,Name211,Email750@example.com,Phone6504850242,Address947,56,56.86
773162,Name941,Email59@example.com,Phone9953936395,Address586,39,93.96
744138,Name596,Email977@example.com,Phone1887733011,Address37,50,96.97
296864,Name381,Email953@example.com,Phone7072557370,Address757,45,59.93
288880,Name998,Email173@example.com,Phone4821877479,Address783,22,73.27
655626,Name410,Email614@example.com,Phone2200270318,Address467,34,77.88
963679,Name943,Email623@example.com,Phone1414095474,Address759,53,87.22
771765,Name620,Email286@example.com,Phone9838499110,Address542,50,83.53
980001,Name692,Email272@example.com,Phone1750058588,Address294,23,77.47
810473,Name856,Email827@example.com,Phone7612486333,Address452,46,81.91
411756,Name805,Email494@example.com,Phone1142922420,Address735,57,94.06
717286,Name233,Email45@example.com,Phone8216252904,Address462,34,77.99
765260,Name700,Email808@example.com,Phone4503585754,Address339,40,95.22
999833,Name426,Email636@example.com,Phone5629516342,Address929,55,60.88
409801,Name405,Email677@example.com,Phone1305608940,Address146,46,58.13
881811,Name147,Email120@example.com,Phone5213761141,Address128,40,94.14
946477,Name83,Email844@example.com,Phone6706489453,Address792,46,94.23
952889,Name848,Email195@example.com,Phone4139204751,Address480,23,82.40
794374,Name356,Email391@example.com,Phone8676897327,Address406,54,70.84
681145,Name157,Email361@example.com,Phone3883854031,Address548,39,62.40
296812,Name443,Email89@example.com,Phone3827412469,Address885,24,80.56
380547,Name248,Email737@example.com,Phone3831627759,Address371,50,95.44
113474,Name853,Email260@example.com,Phone1681693264,Address780,19,66.24
311644,Name528,Email835@example.com,Phone2923668094,Address446,34,76.69
519283,Name583,Email123@example.com,Phone8136753874,Address338,46,81.30
519848,Name125,Email739@example.com,Phone2100569812,Address933,33,83.67
401148,Name689,Email483@example.com,Phone9706383343,Address762,39,98.56
853329,Name419,Email718@example.com,Phone3635818057,Address4,29,80.92
793799,Name56,Email566@example.com,Phone5475290156,Address141,29,70.59
770842,Name40,Email593@example.com,Phone8731401713,Address568,36,90.88
616958,Name708,Email451@example.com,Phone8981645577,Address7,38,85.40
993341,Name525,Email45@example.com,Phone9627205750,Address601,36,75.14
257530,Name120,Email575@example.com,Phone2254644217,Address924,39,63.15
837135,Name308,Email206@example.com,Phone2961675492,Address415,30,59.47
448660,Name504,Email700@example.com,Phone2749170995,Address972,30,98.14
263319,Name638,Email700@example.com,Phone7182052672,Address897,53,58.52
315208,Name143,Email228@example.com,Phone1605542240,Address946,54,80.56
677588,Name274,Email36@example.com,Phone5711368145,Address561,42,88.32
893768,Name80,Email507@example.com,Phone6216163062,Address418,56,68.74
252838,Name987,Email109@example.com,Phone6874517147,Address617,22,74.10
915710,Name769,Email263@example.com,Phone8678108029,Address332,53,78.98
695722,Name212,Email685@example.com,Phone9868991011,Address403,23,85.07
579619,Name547,Email30@example.com,Phone5330851561,Address962,33,95.14
202328,Name423,Email79@example.com,Phone6877231660,Address177,38,67.99
880669,Name366,Email423@example.com,Phone1083307075,Address367,46,75.63
349038,Name368,Email855@example.com,Phone7656650908,Address767,42,74.08
991564,Name799,Email188@example.com,Phone6229903414,Address940,59,80.42
893548,Name344,Email748@example.com,Phone2575863889,Address791,52,67.06
483229,Name638,Email812@example.com,Phone2554047021,Address754,41,57.17
614069,Name630,Email83@example.com,Phone9233234183,Address138,32,57.75
756911,Name573,Email800@example.com,Phone3835812379,Address347,44,80.84
339935,Name714,Email677@example.com,Phone3679248437,Address949,40,99.92
360401,Name564,Email721@example.com,Phone3054553719,Address515,38,99.81
149205,Name63,Email960@example.com,Phone1342277200,Address558,23,97.85
962315,Name613,Email172@example.com,Phone9795121930,Address643,39,59.45
889647,Name42,Email282@example.com,Phone6672349916,Address389,36,51.57
367630,Name214,Email144@example.com,Phone8266290644,Address28,44,53.35
568061,Name425,Email432@example.com,Phone3046930713,Address547,34,56.27
480617,Name471,Email784@example.com,Phone1272528989,Address323,45,61.26
244710,Name610,Email654@example.com,Phone5011763126,Address854,28,99.57
283521,Name307,Email730@example.com,Phone8166882972,Address55,23,64.86
609300,Name597,Email592@example.com,Phone9304745052,Address999,41,50.81
253854,Name319,Email475@example.com,Phone9907731693,Address627,50,95.54
660887,Name538,Email414@example.com,Phone8963650217,Address158,54,62.51
357038,Name201,Email752@example.com,Phone9945720050,Address903,59,91.41
225143,Name639,Email825@example.com,Phone1558907843,Address616,52,66.21
749133,Name459,Email236@example.com,Phone9722579073,Address445,46,50.07
965128,Name993,Email739@example.com,Phone6615680329,Address517,42,50.20
988966,Name845,Email731@example.com,Phone7484551540,Address561,30,52.49
319663,Name779,Email24@example.com,Phone8520891094,Address319,44,58.57
540133,Name452,Email467@example.com,Phone5911916246,Address239,47,63.20
246660,Name161,Email895@example.com,Phone9998347517,Address375,35,94.50
754991,Name98,Email622@example.com,Phone4658058525,Address919,44,90.41
202833,Name284,Email774@example.com,Phone9795543253,Address518,45,59.07
753550,Name156,Email986@example.com,Phone2342531941,Address278,23,76.54
600927,Name708,Email419@example.com,Phone2857661336,Address26,57,59.52
888094,Name28,Email546@example.com,Phone4145777465,Address126,21,83.73
491429,Name45,Email67@example.com,Phone9955764692,Address795,37,97.38
626041,Name631,Email323@example.com,Phone2439618233,Address735,27,73.62
194752,Name948,Email706@example.com,Phone9858654239,Address344,36,78.94
271934,Name193,Email482@example.com,Phone9078686796,Address618,20,81.99
913923,Name776,Email813@example.com,Phone8807667579,Address755,26,97.82
107808,Name135,Email9@example.com,Phone1063374347,Address386,39,64.57
304700,Name100,Email532@example.com,Phone5203452378,Address87,48,71.92
355165,Name876,Email898@example.com,Phone2940327222,Address294,20,70.20
420667,Name608,Email94@example.com,Phone6331182429,Address865,58,80.26
360119,Name731,Email773@example.com,Phone6562988706,Address774,36,76.67
194930,Name467,Email421@example.com,Phone7764154633,Address433,41,74.85
793776,Name415,Email158@example.com,Phone6770997624,Address8,31,89.66
889320,Name685,Email992@example.com,Phone7372280041,Address561,56,81.55
426397,Name778,Email58@example.com,Phone3461210213,Address589,25,81.82
309205,Name38,Email276@example.com,Phone4573481871,Address589,27,64.68
672205,Name980,Email766@example.com,Phone8819185341,Address794,50,64.24
261363,Name503,Email586@example.com,Phone7741176020,Address99,58,75.31
461480,Name310,Email239@example.com,Phone1415104932,Address3,57,54.62
573308,Name216,Email271@example.com,Phone4400906346,Address806,59,98.83
884974,Name75,Email601@example.com,Phone2647163876,Address709,59,71.72
500855,Name962,Email271@example.com,Phone5776930654,Address481,19,58.62
756188,Name101,Email202@example.com,Phone9877423714,Address510,38,84.16
725423,Name84,Email1000@example.com,Phone5225899106,Address118,28,99.23
873216,Name709,Email901@example.com,Phone6169339529,Address821,19,73.14
846460,Name786,Email515@example.com,Phone4983342031,Address519,24,85.00
229626,Name277,Email302@example.com,Phone4597672667,Address739,35,96.00
230881,Name462,Email570@example.com,Phone1038121135,Address95,56,68.37
544237,Name893,Email970@example.com,Phone1349433353,Address522,42,82.05
261120,Name160,Email281@example.com,Phone7777359525,Address338,57,76.79
232703,Name248,Email121@example.com,Phone9034582117,Address394,59,64.39
775628,Name76,Email364@example.com,Phone9329600093,Address906,55,51.76
402125,Name700,Email673@example.com,Phone1322576691,Address382,19,68.34
452718,Name371,Email506@example.com,Phone2326188117,Address1,28,51.04
372128,Name353,Email443@example.com,Phone2833984094,Address590,44,64.70
161454,Name105,Email566@example.com,Phone7582392206,Address499,20,53.00
241795,Name77,Email281@example.com,Phone5228944993,Address335,27,70.42
271331,Name788,Email92@example.com,Phone2830002825,Address698,41,81.30
741272,Name599,Email408@example.com,Phone2975045352,Address808,26,60.15
500737,Name903,Email858@example.com,Phone3303356651,Address894,58,76.19
544797,Name400,Email711@example.com,Phone6604909764,Address347,22,91.21
873514,Name804,Email986@example.com,Phone1946351213,Address71,36,90.29
787553,Name698,Email890@example.com,Phone4478692722,Address8,21,66.05
868884,Name540,Email583@example.com,Phone7855041533,Address157,31,95.12
619768,Name659,Email124@example.com,Phone9751799920,Address469,32,97.31
706459,Name117,Email159@example.com,Phone8844947220,Address333,55,76.86
664902,Name32,Email189@example.com,Phone7767054658,Address422,25,78.97
159837,Name287,Email864@example.com,Phone9363451497,Address145,48,55.20
943031,Name824,Email278@example.com,Phone7404629516,Address252,18,86.31
994772,Name422,Email468@example.com,Phone6744688517,Address251,46,56.32
410123,Name994,Email772@example.com,Phone8886841627,Address621,32,93.08
744157,Name834,Email44@example.com,Phone2967879739,Address331,33,84.52
536044,Name757,Email912@example.com,Phone8268446833,Address212,45,79.41
268227,Name608,Email987@example.com,Phone8363942031,Address515,55,54.92
593056,Name384,Email685@example.com,Phone5503901460,Address826,38,95.68
669656,Name727,Email147@example.com,Phone7385876797,Address217,26,82.77
884729,Name853,Email106@example.com,Phone4665932119,Address847,30,58.79
466048,Name886,Email217@example.com,Phone9815633832,Address433,21,61.45
348043,Name422,Email109@example.com,Phone6617604362,Address66,37,53.66
630745,Name144,Email3@example.com,Phone4136774976,Address737,33,97.62
457652,Name318,Email853@example.com,Phone5487677701,Address162,42,83.88
352439,Name794,Email429@example.com,Phone9437084414,Address121,38,99.97
430825,Name315,Email710@example.com,Phone6801477591,Address250,39,72.73
855518,Name31,Email854@example.com,Phone8788721558,Address586,44,55.35
270558,Name216,Email974@example.com,Phone6281042310,Address925,54,91.83
118573,Name41,Email722@example.com,Phone6977704129,Address653,24,83.36
878296,Name561,Email259@example.com,Phone5650013423,Address616,27,61.14
300729,Name859,Email415@example.com,Phone7533614765,Address253,36,96.11
831387,Name486,Email146@example.com,Phone9924930945,Address486,28,64.55
486329,Name145,Email660@example.com,Phone5886412376,Address31,34,92.33
768197,Name814,Email635@example.com,Phone7112355382,Address822,34,97.76
803122,Name870,Email218@example.com,Phone7383914401,Address826,52,93.30
714468,Name9,Email126@example.com,Phone1441043164,Address196,41,58.46
261777,Name585,Email443@example.com,Phone5615187821,Address812,20,57.90
978793,Name228,Email621@example.com,Phone3109512406,Address86,43,94.92
545142,Name493,Email596@example.com,Phone1482507403,Address258,39,83.86
928505,Name91,Email623@example.com,Phone9005180609,Address871,30,87.91
413463,Name860,Email545@example.com,Phone5134547148,Address273,58,71.15
807164,Name74,Email194@example.com,Phone3554834426,Address540,38,74.45
273410,Name718,Email926@example.com,Phone3676803653,Address527,28,75.67
487359,Name425,Email645@example.com,Phone5570226270,Address623,28,64.70
449382,Name353,Email999@example.com,Phone4397958857,Address385,34,60.23
536069,Name394,Email3@example.com,Phone7943500344,Address82,40,73.58
653642,Name753,Email794@example.com,Phone1485778360,Address189,23,88.52
489571,Name55,Email616@example.com,Phone1678329685,Address798,44,55.84
682468,Name758,Email62@example.com,Phone4265404828,Address55,22,55.30
878353,Name663,Email40@example.com,Phone5060403700,Address371,37,57.59
167432,Name46,Email304@example.com,Phone3995223169,Address114,42,58.89
832273,Name188,Email576@example.com,Phone8155577642,Address789,25,53.58
759493,Name486,Email809@example.com,Phone2336056722,Address347,48,80.62
161480,Name485,Email229@example.com,Phone8823593909,Address104,20,93.80
207059,Name250,Email797@example.com,Phone2885135019,Address168,34,92.99
874958,Name765,Email549@example.com,Phone9791005542,Address44,27,93.46
539709,Name862,Email237@example.com,Phone2679689103,Address630,44,99.28
268238,Name657,Email875@example.com,Phone4599106859,Address291,24,86.55
439720,Name997,Email169@example.com,Phone3927192202,Address865,24,67.59
202494,Name826,Email600@example.com,Phone7314388771,Address982,41,69.01
557712,Name115,Email867@example.com,Phone5997498231,Address67,23,89.15
527362,Name937,Email668@example.com,Phone4223518550,Address229,24,88.57
807693,Name173,Email680@example.com,Phone7724490735,Address800,26,59.50
967734,Name120,Email704@example.com,Phone7804954782,Address563,37,61.06
855058,Name193,Email53@example.com,Phone7528117869,Address907,51,52.89
455824,Name279,Email40@example.com,Phone7621834051,Address491,53,71.02
436837,Name290,Email153@example.com,Phone8731124341,Address88,22,69.78
443821,Name914,Email887@example.com,Phone8222811802,Address799,39,72.39
563778,Name697,Email15@example.com,Phone1551650910,Address929,42,67.38
777756,Name730,Email139@example.com,Phone1143797911,Address850,33,50.07
783787,Name429,Email484@example.com,Phone1010521096,Address591,52,76.90
504464,Name208,Email767@example.com,Phone4724172698,Address357,55,93.02
619622,Name38,Email181@example.com,Phone6206923708,Address956,37,70.37
995920,Name585,Email637@example.com,Phone2324495183,Address988,29,88.44
298786,Name208,Email915@example.com,Phone6186497773,Address28,20,77.46
420807,Name62,Email598@example.com,Phone8389766664,Address632,43,81.35
948944,Name644,Email355@example.com,Phone1971835421,Address231,18,89.46
473513,Name178,Email865@example.com,Phone9115757370,Address531,47,99.37
256532,Name226,Email853@example.com,Phone2046130220,Address197,26,57.78
161264,Name301,Email907@example.com,Phone9371308088,Address142,29,64.02
459151,Name162,Email764@example.com,Phone9854364726,Address115,28,66.32
324118,Name852,Email257@example.com,Phone5891983805,Address267,47,78.20
236585,Name751,Email9@example.com,Phone3508986580,Address374,24,94.01
367810,Name971,Email948@example.com,Phone5752764887,Address862,31,92.38
509093,Name193,Email386@example.com,Phone5966319085,Address669,56,98.03
987784,Name779,Email896@example.com,Phone9232955066,Address817,33,63.55
198684,Name834,Email895@example.com,Phone4972409076,Address140,19,54.60
329165,Name327,Email912@example.com,Phone1087411532,Address715,46,54.41
295614,Name416,Email39@example.com,Phone4892102137,Address286,31,78.72
526540,Name239,Email560@example.com,Phone7411436495,Address393,35,50.10
913478,Name497,Email733@example.com,Phone5545502010,Address850,58,53.41
628172,Name2,Email200@example.com,Phone7895736199,Address128,51,61.78
346299,Name439,Email483@example.com,Phone6390473722,Address903,18,51.62
830127,Name900,Email554@example.com,Phone4034567969,Address6,38,97.90
917059,Name211,Email99@example.com,Phone9060618263,Address826,23,87.66
934908,Name691,Email551@example.com,Phone2928404592,Address45,51,94.84
288708,Name702,Email415@example.com,Phone7772970095,Address559,42,59.51
606249,Name95,Email810@example.com,Phone6691435506,Address928,46,96.19
479674,Name893,Email594@example.com,Phone9608551498,Address242,46,90.09
204967,Name479,Email56@example.com,Phone1571417656,Address946,48,65.83
458960,Name470,Email527@example.com,Phone1320288101,Address888,30,60.22
626105,Name272,Email50@example.com,Phone6792999334,Address616,45,92.97
586820,Name886,Email438@example.com,Phone4152698891,Address521,46,64.74
629870,Name890,Email851@example.com,Phone5229184656,Address643,24,84.39
482267,Name184,Email302@example.com,Phone5111271911,Address136,31,97.47
846814,Name935,Email997@example.com,Phone3506509235,Address58,25,81.59
561684,Name638,Email476@example.com,Phone6761333268,Address579,43,51.89
710874,Name789,Email748@example.com,Phone9804306751,Address481,37,84.93
599448,Name540,Email682@example.com,Phone7563420114,Address858,19,55.67
158333,Name984,Email964@example.com,Phone2962282030,Address294,48,72.09
116037,Name91,Email863@example.com,Phone7351377414,Address710,55,96.70
431875,Name811,Email574@example.com,Phone9796152803,Address789,57,97.53
871810,Name565,Email845@example.com,Phone2368006813,Address661,60,50.67
468912,Name454,Email279@example.com,Phone6740228648,Address265,35,99.32
597608,Name113,Email320@example.com,Phone8752968603,Address326,24,72.09
479495,Name31,Email347@example.com,Phone8620430238,Address383,20,60.76
264372,Name714,Email226@example.com,Phone5489347778,Address903,31,68.83
469279,Name216,Email376@example.com,Phone8225589521,Address808,58,91.60
672548,Name682,Email471@example.com,Phone1679098537,Address95,24,60.77
254356,Name735,Email65@example.com,Phone9826346396,Address639,30,76.45
972166,Name928,Email363@example.com,Phone2654031510,Address199,25,92.80
506665,Name499,Email568@example.com,Phone1052908446,Address547,21,64.21
432181,Name404,Email123@example.com,Phone5220303932,Address929,58,94.51
823466,Name604,Email860@example.com,Phone2428817912,Address372,23,57.91
540924,Name699,Email23@example.com,Phone1921374103,Address717,31,73.51
893410,Name417,Email515@example.com,Phone2139823454,Address276,24,98.73
303585,Name407,Email303@example.com,Phone5300403770,Address430,37,97.45
202344,Name329,Email351@example.com,Phone2213691350,Address445,39,60.69
244451,Name980,Email249@example.com,Phone1325888085,Address163,58,69.66
754130,Name183,Email541@example.com,Phone5215199812,Address502,40,99.13
987502,Name661,Email402@example.com,Phone5883291708,Address610,53,64.89
367132,Name341,Email43@example.com,Phone9635851544,Address114,59,51.94
652546,Name746,Email723@example.com,Phone8814654355,Address642,32,96.61
125761,Name541,Email297@example.com,Phone4621851748,Address89,20,65.51
644024,Name585,Email880@example.com,Phone4842301315,Address613,19,89.82
952659,Name228,Email710@example.com,Phone1591173301,Address835,50,85.08
668300,Name768,Email16@example.com,Phone8156576161,Address491,41,61.24
838387,Name544,Email379@example.com,Phone4551409223,Address341,51,63.72
909948,Name886,Email366@example.com,Phone5671336012,Address497,19,69.97
213569,Name956,Email242@example.com,Phone4341095661,Address679,47,61.98
182763,Name38,Email428@example.com,Phone9900936779,Address72,42,65.62
251396,Name439,Email205@example.com,Phone5721832593,Address599,29,58.86
541827,Name522,Email446@example.com,Phone5976537200,Address995,19,55.62
869177,Name670,Email232@example.com,Phone4669546315,Address700,47,57.22
940825,Name560,Email684@example.com,Phone1906066669,Address535,44,75.23
311406,Name324,Email367@example.com,Phone1727576407,Address491,20,61.63
268409,Name854,Email771@example.com,Phone9959628687,Address753,44,83.27
251483,Name105,Email114@example.com,Phone2622700667,Address247,60,89.49
362244,Name933,Email245@example.com,Phone1883261854,Address40,59,68.56
614767,Name884,Email852@example.com,Phone9882503721,Address619,60,89.86
369970,Name320,Email946@example.com,Phone7703454775,Address587,56,54.35
552858,Name350,Email607@example.com,Phone1927108324,Address136,26,84.59
361529,Name148,Email878@example.com,Phone1913583133,Address267,22,77.24
890718,Name996,Email556@example.com,Phone4370648305,Address903,24,55.40
426717,Name542,Email365@example.com,Phone8152700502,Address776,33,77.92
325559,Name750,Email664@example.com,Phone6382614453,Address152,34,50.84
634482,Name993,Email285@example.com,Phone1734893075,Address112,42,55.05
416806,Name831,Email410@example.com,Phone7799000355,Address705,53,96.96
836376,Name601,Email811@example.com,Phone9830160942,Address686,37,87.57
901578,Name507,Email967@example.com,Phone5374334290,Address542,55,67.60
901377,Name354,Email213@example.com,Phone8693623941,Address702,20,92.18
284323,Name268,Email7@example.com,Phone4023778454,Address994,38,64.88
190329,Name96,Email602@example.com,Phone7256813736,Address215,23,52.48
541794,Name413,Email775@example.com,Phone5186413223,Address507,54,95.10
667060,Name682,Email220@example.com,Phone5399457729,Address493,59,69.09
460079,Name787,Email48@example.com,Phone6012013211,Address128,44,71.07
505720,Name939,Email154@example.com,Phone7414698238,Address370,43,61.67
797029,Name504,Email179@example.com,Phone6109011018,Address170,54,50.53
105598,Name576,Email972@example.com,Phone3685829951,Address648,35,84.60
812800,Name35,Email232@example.com,Phone9890631955,Address738,35,66.28
478162,Name937,Email784@example.com,Phone6859949638,Address539,50,72.95
285199,Name583,Email183@example.com,Phone7927078520,Address149,21,60.12
675586,Name350,Email671@example.com,Phone9982974816,Address345,60,96.61
763999,Name142,Email654@example.com,Phone4385747622,Address871,48,54.65
101356,Name873,Email149@example.com,Phone6462408028,Address238,60,60.96
532601,Name143,Email228@example.com,Phone2352555623,Address61,32,77.49
815570,Name340,Email477@example.com,Phone1477235485,Address937,52,85.29
284432,Name597,Email864@example.com,Phone2471403337,Address151,45,95.32
608641,Name216,Email814@example.com,Phone9012700809,Address246,29,55.00
166406,Name93,Email10@example.com,Phone7590447681,Address798,20,94.11
195696,Name263,Email746@example.com,Phone4405824644,Address282,24,56.35
955591,Name823,Email655@example.com,Phone5191904795,Address791,35,76.71
721821,Name72,Email45@example.com,Phone9700951253,Address677,20,50.12
138868,Name610,Email112@example.com,Phone1672093920,Address228,59,50.00
815811,Name700,Email452@example.com,Phone8634457085,Address593,59,90.36
120167,Name255,Email306@example.com,Phone9168225419,Address797,45,54.98
925708,Name14,Email434@example.com,Phone8109888704,Address404,30,92.23
302845,Name775,Email410@example.com,Phone3558740488,Address422,47,64.95
455724,Name871,Email808@example.com,Phone2667960040,Address450,52,50.89
665331,Name345,Email30@example.com,Phone2371654968,Address326,25,74.61
258932,Name383,Email657@example.com,Phone3529044357,Address737,32,55.47
539104,Name416,Email351@example.com,Phone6817983626,Address811,45,89.62
374237,Name862,Email501@example.com,Phone7724520169,Address883,53,71.40
250931,Name157,Email966@example.com,Phone1907266836,Address689,29,60.52
924337,Name219,Email710@example.com,Phone2734385154,Address790,58,86.06
502021,Name860,Email721@example.com,Phone5292180766,Address383,31,92.77
142362,Name644,Email75@example.com,Phone2305972877,Address695,27,73.33
105757,Name844,Email98@example.com,Phone2850259968,Address973,51,97.17
926987,Name48,Email541@example.com,Phone1260819575,Address869,32,85.73
448593,Name174,Email234@example.com,Phone7800015873,Address36,25,85.91
252817,Name839,Email370@example.com,Phone7250539169,Address983,28,74.05
609518,Name446,Email969@example.com,Phone2593287311,Address248,56,93.67
890295,Name917,Email362@example.com,Phone3067767083,Address53,21,88.86
115076,Name139,Email138@example.com,Phone8364026465,Address16,31,61.71
757207,Name308,Email19@example.com,Phone6672614179,Address468,54,88.23
281641,Name916,Email655@example.com,Phone2229025521,Address559,31,93.11
532551,Name626,Email845@example.com,Phone8764262827,Address133,60,73.99
614933,Name263,Email261@example.com,Phone4292165875,Address835,25,96.84
434869,Name591,Email386@example.com,Phone8321875508,Address841,19,94.06
552636,Name620,Email918@example.com,Phone2587070667,Address255,39,63.48
850120,Name948,Email793@example.com,Phone1702298014,Address39,35,62.53
725826,Name771,Email295@example.com,Phone1833868264,Address684,58,95.29
126953,Name937,Email146@example.com,Phone5865261734,Address571,60,57.19
118560,Name428,Email811@example.com,Phone5433952911,Address252,25,66.01
862388,Name871,Email726@example.com,Phone8615158725,Address738,44,65.14
853393,Name783,Email437@example.com,Phone5851288748,Address97,50,56.01
165222,Name33,Email794@example.com,Phone3461046277,Address10,54,90.31
968601,Name776,Email490@example.com,Phone8308094346,Address991,28,83.97
144414,Name281,Email297@example.com,Phone1972167202,Address884,28,77.07
827426,Name247,Email418@example.com,Phone3575642487,Address368,29,97.60
556148,Name357,Email982@example.com,Phone4698211881,Address386,30,96.68
305266,Name887,Email646@example.com,Phone7132952429,Address604,45,79.12
995075,Name465,Email580@example.com,Phone3079115059,Address49,31,55.35
602485,Name790,Email592@example.com,Phone9339925065,Address400,40,89.66
138716,Name693,Email10@example.com,Phone5455030030,Address43,22,61.71
161836,Name889,Email172@example.com,Phone6715664639,Address975,35,94.74
426374,Name557,Email853@example.com,Phone1152102281,Address817,39,83.17
632642,Name555,Email779@example.com,Phone3465113800,Address771,21,94.65
605332,Name102,Email397@example.com,Phone7125744527,Address418,30,80.46
184845,Name312,Email974@example.com,Phone2455363525,Address649,40,67.80
228463,Name147,Email912@example.com,Phone3097856575,Address617,54,53.16
478867,Name770,Email884@example.com,Phone5401946223,Address744,56,70.05
547470,Name365,Email428@example.com,Phone9003107891,Address37,23,52.65
774040,Name101,Email727@example.com,Phone1678536406,Address300,34,73.21
270117,Name33,Email282@example.com,Phone7849270719,Address603,21,68.48
259481,Name970,Email47@example.com,Phone5002745130,Address317,29,94.69
635881,Name780,Email753@example.com,Phone7654770745,Address185,19,50.75
616463,Name783,Email281@example.com,Phone4401535407,Address382,32,57.03
766936,Name262,Email185@example.com,Phone9339240568,Address122,26,70.84
133263,Name959,Email248@example.com,Phone2647723366,Address933,31,50.91
909138,Name136,Email597@example.com,Phone9870167124,Address406,51,76.89
926745,Name555,Email196@example.com,Phone7153969576,Address182,49,56.19
367495,Name505,Email557@example.com,Phone1823121974,Address991,52,99.67
425226,Name577,Email859@example.com,Phone3716478862,Address371,50,50.56
451384,Name465,Email891@example.com,Phone5146238233,Address273,29,51.04
970365,Name509,Email767@example.com,Phone3195273721,Address526,55,83.06
377718,Name735,Email189@example.com,Phone1640034975,Address279,34,81.38
570822,Name847,Email896@example.com,Phone2919443686,Address354,41,62.45
414798,Name619,Email381@example.com,Phone9670832476,Address180,28,81.97
325615,Name589,Email7@example.com,Phone2523136108,Address914,48,52.65
431742,Name824,Email885@example.com,Phone1094825014,Address554,49,67.48
946616,Name330,Email84@example.com,Phone4731434047,Address336,54,62.98
985180,Name470,Email271@example.com,Phone5181306700,Address782,32,51.22
204840,Name111,Email488@example.com,Phone9960808152,Address751,46,97.42
902274,Name267,Email50@example.com,Phone7151166577,Address234,39,60.44
653926,Name361,Email617@example.com,Phone7188713589,Address747,53,54.72
871586,Name98,Email300@example.com,Phone2562248874,Address916,51,72.96
759873,Name747,Email246@example.com,Phone7132061910,Address732,28,60.07
125621,Name394,Email724@example.com,Phone3674198246,Address599,60,73.48
480617,Name428,Email469@example.com,Phone9977575996,Address206,47,93.12
234835,Name497,Email872@example.com,Phone7960783957,Address287,35,82.94
400644,Name676,Email227@example.com,Phone6215885767,Address223,40,69.62
912248,Name445,Email215@example.com,Phone4581283653,Address212,24,74.34
893789,Name753,Email258@example.com,Phone3236785399,Address477,48,79.83
220505,Name713,Email23@example.com,Phone8977309717,Address332,35,95.96
232822,Name577,Email586@example.com,Phone8933876481,Address907,54,56.14
968921,Name318,Email354@example.com,Phone9937843216,Address656,21,68.57
440508,Name280,Email152@example.com,Phone6396131860,Address72,59,79.90
183691,Name998,Email81@example.com,Phone3016450186,Address213,47,57.78
289344,Name429,Email579@example.com,Phone2793682550,Address10,51,71.51
871229,Name739,Email48@example.com,Phone1229104480,Address134,44,59.08
635484,Name911,Email687@example.com,Phone6695206339,Address173,28,78.63
349803,Name751,Email177@example.com,Phone6637502292,Address447,54,90.69
670984,Name814,Email45@example.com,Phone2561860651,Address169,23,73.85
676898,Name855,Email658@example.com,Phone7888985771,Address46,59,82.20
