723370,Name255,Email825@example.com,Phone3081876602,Address922,23,85.65
295939,Name552,Email16@example.com,Phone1219808471,Address108,22,81.39
785167,Name420,Email121@example.com,Phone4707488715,Address585,52,96.42
273540,Name227,Email52@example.com,Phone7863859951,Address461,27,59.95
192869,Name812,Email901@example.com,Phone3295881958,Address936,57,60.59
472584,Name292,Email808@example.com,Phone6480705549,Address674,49,93.16
669444,Name654,Email581@example.com,Phone7206156281,Address217,34,95.04
407839,Name10,Email387@example.com,Phone9633611463,Address978,34,68.09
549233,Name985,Email104@example.com,Phone8474948304,Address939,54,74.09
644087,Name824,Email717@example.com,Phone2986453930,Address551,58,81.63
864816,Name488,Email208@example.com,Phone6349891339,Address493,56,88.29
811261,Name287,Email725@example.com,Phone8149465131,Address609,23,96.28
712106,Name276,Email901@example.com,Phone5488098017,Address388,28,93.08
705128,Name168,Email205@example.com,Phone9275661285,Address473,53,57.9
708255,Name471,Email998@example.com,Phone7578938217,Address428,28,57.63
968711,Name523,Email631@example.com,Phone1527210485,Address954,22,73.52
968711,Name523,Email631@example.com,Phone1527210485,Address954,22,73.52
310827,Name456,Email193@example.com,Phone3272051824,Address437,21,64.88
592314,Name655,Email527@example.com,Phone1757390927,Address703,19,83.14
784451,Name270,Email81@example.com,Phone5067677133,Address672,26,93.2
915078,Name195,Email825@example.com,Phone2677438466,Address710,55,94.53
289904,Name315,Email121@example.com,Phone7006867259,Address233,45,82.64
565482,Name546,Email933@example.com,Phone9311495422,Address225,25,76.93
333930,Name162,Email817@example.com,Phone7719423641,Address32,52,58.83
254394,Name599,Email643@example.com,Phone7753169488,Address563,58,64.02
279273,Name957,Email648@example.com,Phone6659399265,Address82,51,97.49
766271,Name53,Email769@example.com,Phone4790042856,Address880,47,88.27
426720,Name395,Email726@example.com,Phone4890761470,Address456,41,77.58
181138,Name984,Email384@example.com,Phone4534282278,Address685,40,63.24
971962,Name4,Email896@example.com,Phone4629970066,Address652,26,87.48
338750,Name721,Email453@example.com,Phone6027454510,Address159,25,77.12
124033,Name130,Email207@example.com,Phone7161330440,Address493,56,94.85
490121,Name814,Email304@example.com,Phone3880375321,Address941,31,55.76
890973,Name446,Email705@example.com,Phone9932590441,Address528,40,54.71
220509,Name244,Email229@example.com,Phone2258036281,Address753,35,88.73
301030,Name745,Email104@example.com,Phone5640609338,Address708,19,95.08
498323,Name999,Email989@example.com,Phone7907024360,Address839,25,57.93
152246,Name459,Email582@example.com,Phone2762510538,Address51,43,73.18
840797,Name350,Email523@example.com,Phone2825661062,Address608,49,84.26
644278,Name864,Email82@example.com,Phone9433924492,Address713,26,68.48
436415,Name234,Email167@example.com,Phone5989963682,Address303,58,69.1
149204,Name36,Email926@example.com,Phone2030533225,Address202,25,78.08
798666,Name79,Email257@example.com,Phone1666567745,Address640,47,83.68
659890,Name413,Email656@example.com,Phone5597235599,Address60,47,95.12
585680,Name332,Email619@example.com,Phone8709453265,Address190,31,83.46
774864,Name812,Email998@example.com,Phone6885210376,Address716,57,80.91
204987,Name928,Email479@example.com,Phone1019494420,Address567,58,56.98
631843,Name763,Email736@example.com,Phone3721763823,Address709,56,55.97
766863,Name157,Email213@example.com,Phone4877034067,Address392,55,81.06
113719,Name947,Email436@example.com,Phone5787793025,Address295,59,76.2
649313,Name521,Email24@example.com,Phone4148487357,Address17,39,96.41
185619,Name529,Email221@example.com,Phone4672167521,Address78,60,74.89
290180,Name883,Email151@example.com,Phone4603717086,Address66,50,63.76
963637,Name170,Email105@example.com,Phone2040631789,Address20,22,87.46
712953,Name30,Email876@example.com,Phone9742124092,Address117,22,67.02
244064,Name451,Email508@example.com,Phone8988690438,Address874,41,73.33
913556,Name11,Email938@example.com,Phone2512625853,Address187,36,69.72
592974,Name461,Email720@example.com,Phone1442571878,Address209,23,87.6
407890,Name678,Email513@example.com,Phone7415404187,Address656,60,71.01
944102,Name755,Email248@example.com,Phone3211987178,Address839,35,50.36
839309,Name936,Email843@example.com,Phone3298915974,Address417,24,53.58
429005,Name717,Email600@example.com,Phone1973685184,Address515,42,86.76
809434,Name101,Email409@example.com,Phone3069896472,Address989,58,78.14
554850,Name722,Email694@example.com,Phone6904991401,Address964,19,97.8
330398,Name883,Email331@example.com,Phone1488205847,Address703,19,61.58
543095,Name451,Email692@example.com,Phone9857246632,Address998,60,92.31
658520,Name621,Email840@example.com,Phone7528507640,Address433,40,63.67
745160,Name653,Email850@example.com,Phone2640700928,Address957,20,85.7
720469,Name763,Email518@example.com,Phone5097737305,Address677,50,98.93
331126,Name637,Email8@example.com,Phone8491617848,Address185,49,55.65
159134,Name648,Email659@example.com,Phone4331234813,Address44,21,89.1
199111,Name41,Email37@example.com,Phone3470781705,Address683,45,93.15
480537,Name645,Email293@example.com,Phone4407602947,Address1,48,95.3
379294,Name879,Email453@example.com,Phone3189210290,Address979,22,92.26
732044,Name832,Email954@example.com,Phone4370151597,Address965,47,92.07
699942,Name974,Email907@example.com,Phone9073612870,Address18,57,60.06
873116,Name855,Email582@example.com,Phone6143403099,Address553,30,72.97
675170,Name491,Email441@example.com,Phone3241114564,Address12,18,84.24
587960,Name448,Email210@example.com,Phone7220470478,Address705,32,91.81
804075,Name254,Email539@example.com,Phone6638670916,Address898,60,72.29
445881,Name248,Email947@example.com,Phone9098865273,Address328,49,64.69
691760,Name1000,Email260@example.com,Phone1109246966,Address473,35,69.73
933993,Name256,Email621@example.com,Phone9749547273,Address106,51,61.84
524532,Name22,Email361@example.com,Phone4014243670,Address13,30,58.76
729399,Name778,Email550@example.com,Phone8524641581,Address3,23,93.22
157143,Name557,Email26@example.com,Phone1658281705,Address288,45,77.39
498547,Name390,Email663@example.com,Phone3778473987,Address391,20,60.56
124791,Name121,Email358@example.com,Phone9414048489,Address181,41,67.89
436686,Name335,Email959@example.com,Phone1085176878,Address631,59,56.61
738769,Name760,Email396@example.com,Phone3659210533,Address825,54,67.4
914044,Name711,Email93@example.com,Phone6719701795,Address686,29,85.72
714842,Name121,Email806@example.com,Phone4735267070,Address795,44,68.82
663248,Name926,Email588@example.com,Phone8638125059,Address412,40,57.82
956844,Name822,Email861@example.com,Phone9799556972,Address73,21,76.2
729938,Name821,Email707@example.com,Phone5968673400,Address533,37,83.89
144122,Name100,Email402@example.com,Phone2750692523,Address300,33,66.32
448908,Name363,Email614@example.com,Phone8864443857,Address589,42,96.12
356508,Name817,Email628@example.com,Phone1447758495,Address98,40,69.85
435320,Name389,Email219@example.com,Phone3271406087,Address611,38,72.94
146536,Name398,Email313@example.com,Phone8901486833,Address286,30,67.54
372793,Name881,Email415@example.com,Phone4765008727,Address207,50,54.3
138915,Name253,Email686@example.com,Phone4378442799,Address230,43,90.23
535855,Name722,Email108@example.com,Phone4934337516,Address419,24,57.16
271350,Name662,Email180@example.com,Phone8741208161,Address73,33,79.5
336988,Name538,Email297@example.com,Phone3970063926,Address126,18,62.03
318055,Name980,Email408@example.com,Phone2297351722,Address248,33,76.92
523120,Name407,Email770@example.com,Phone5530984156,Address569,49,68.52
275176,Name321,Email851@example.com,Phone7347823171,Address157,23,71.69
756871,Name759,Email186@example.com,Phone5513283684,Address350,55,59.17
148324,Name612,Email34@example.com,Phone4315394819,Address991,36,91.03
249797,Name617,Email660@example.com,Phone1249825534,Address171,20,79.48
141383,Name980,Email93@example.com,Phone1728133803,Address397,32,73.31
840546,Name341,Email679@example.com,Phone5972090185,Address105,56,55.82
139637,Name956,Email449@example.com,Phone5436643076,Address355,43,64.15
322961,Name128,Email265@example.com,Phone2678671561,Address212,50,73.12
180320,Name769,Email389@example.com,Phone6658865947,Address330,43,56.85
539338,Name426,Email841@example.com,Phone8356986143,Address144,60,56.41
906030,Name326,Email1@example.com,Phone6935472760,Address486,26,88.26
726674,Name754,Email821@example.com,Phone4555968953,Address875,48,83.62
979771,Name989,Email792@example.com,Phone5446383492,Address704,52,95.15
503115,Name636,Email947@example.com,Phone7011028474,Address352,21,95.92
127455,Name170,Email366@example.com,Phone6737391782,Address568,58,73.11
935924,Name6,Email448@example.com,Phone6303024005,Address663,31,62.64
247138,Name16,Email839@example.com,Phone1093826835,Address827,39,89.08
505120,Name693,Email970@example.com,Phone4462075295,Address394,42,66.96
702451,Name243,Email548@example.com,Phone2371280336,Address7,45,58.44
916030,Name412,Email595@example.com,Phone3258764463,Address930,46,71.51
546756,Name417,Email234@example.com,Phone5774535644,Address966,47,84.59
398938,Name763,Email415@example.com,Phone8411610075,Address556,18,96.48
311779,Name790,Email578@example.com,Phone6884075011,Address581,27,97.47
284104,Name747,Email448@example.com,Phone7191759785,Address834,27,72.78
631476,Name120,Email800@example.com,Phone6915455465,Address95,35,61.11
749652,Name138,Email312@example.com,Phone8987333212,Address788,32,52.51
144450,Name772,Email465@example.com,Phone7279632655,Address741,18,72.41
789199,Name374,Email782@example.com,Phone8118672605,Address163,39,72.92
298595,Name180,Email676@example.com,Phone3822407902,Address768,25,70.46
702522,Name193,Email710@example.com,Phone8085350235,Address638,42,67.41
845994,Name552,Email412@example.com,Phone3584647500,Address162,27,87.3
199059,Name426,Email326@example.com,Phone4588013897,Address223,19,99.78
272579,Name143,Email490@example.com,Phone1889518658,Address114,24,82.78
932446,Name14,Email279@example.com,Phone9471445905,Address117,55,78.24
629447,Name826,Email754@example.com,Phone8375008162,Address821,40,64.27
516164,Name510,Email124@example.com,Phone4349659588,Address121,32,62.9
571323,Name722,Email821@example.com,Phone7246393640,Address428,56,72.18
304511,Name625,Email276@example.com,Phone1931792894,Address992,22,71.01
106708,Name835,Email530@example.com,Phone6320222680,Address640,41,56.1
877612,Name644,Email41@example.com,Phone1378369913,Address415,22,65.72
329025,Name215,Email404@example.com,Phone1678685366,Address155,50,93.13
751949,Name397,Email992@example.com,Phone3532354453,Address598,19,59.69
979500,Name941,Email799@example.com,Phone5391847262,Address760,23,50.69
644830,Name473,Email285@example.com,Phone4380085818,Address564,38,61.97
356980,Name848,Email565@example.com,Phone4443572323,Address530,19,59.17
865551,Name530,Email563@example.com,Phone4872916776,Address956,50,97.65
255264,Name41,Email285@example.com,Phone6956000465,Address353,28,86.86
969736,Name764,Email523@example.com,Phone5810421152,Address897,44,79.77
784015,Name353,Email40@example.com,Phone9505837749,Address502,35,78.33
381551,Name577,Email193@example.com,Phone4155314818,Address61,51,85.01
765078,Name500,Email119@example.com,Phone8584495153,Address254,51,95.38
133637,Name512,Email208@example.com,Phone1939152942,Address119,36,67.25
452835,Name284,Email774@example.com,Phone5927015563,Address412,58,65.84
691836,Name43,Email645@example.com,Phone9603614607,Address619,50,96.31
551858,Name487,Email26@example.com,Phone8459980520,Address957,32,50.67
932751,Name276,Email526@example.com,Phone3674564271,Address392,39,98.52
563468,Name21,Email551@example.com,Phone4177152865,Address702,58,86.75
296567,Name339,Email945@example.com,Phone6247420826,Address24,43,83.79
514300,Name302,Email40@example.com,Phone2624314231,Address796,56,89.75
997968,Name761,Email552@example.com,Phone8779707975,Address326,41,83.07
710036,Name373,Email663@example.com,Phone1905280245,Address975,27,78.37
359322,Name72,Email99@example.com,Phone6448672591,Address112,28,78.92
280388,Name662,Email663@example.com,Phone2255938656,Address230,20,61.58
843495,Name141,Email807@example.com,Phone8273398312,Address628,26,55.24
848193,Name988,Email588@example.com,Phone4180238506,Address272,36,51.72
503967,Name940,Email621@example.com,Phone8489521115,Address4,50,64.43
804920,Name535,Email293@example.com,Phone4994929476,Address210,53,71.41
334776,Name516,Email211@example.com,Phone5092941135,Address862,37,72.78
591553,Name994,Email220@example.com,Phone4421174308,Address585,37,74.42
561680,Name461,Email794@example.com,Phone7623775741,Address983,49,91.2
200594,Name232,Email127@example.com,Phone2589764675,Address869,48,95.06
891943,Name336,Email548@example.com,Phone4868789800,Address580,37,57.5
319699,Name958,Email972@example.com,Phone8409404586,Address608,35,60
731139,Name445,Email598@example.com,Phone3013624404,Address715,21,72.15
916198,Name834,Email613@example.com,Phone7804341002,Address950,35,66.95
558172,Name569,Email515@example.com,Phone7540987778,Address320,27,64.06
920998,Name35,Email414@example.com,Phone7508514151,Address268,46,94.43
764648,Name158,Email891@example.com,Phone5226456495,Address339,20,78.62
117988,Name586,Email603@example.com,Phone1629564275,Address584,27,82.3
915783,Name465,Email973@example.com,Phone8666770161,Address421,26,75.46
438747,Name493,Email817@example.com,Phone1320596854,Address27,26,98.41
433956,Name899,Email210@example.com,Phone1484451098,Address652,37,88.38
813805,Name331,Email866@example.com,Phone6458723585,Address316,50,64.09
583289,Name343,Email284@example.com,Phone6338625514,Address233,41,73.28
955175,Name820,Email732@example.com,Phone5348922428,Address257,24,78.22
680664,Name991,Email532@example.com,Phone2057073376,Address484,51,81.34
494200,Name295,Email439@example.com,Phone6488929783,Address95,31,72.06
683937,Name994,Email240@example.com,Phone3327456759,Address620,28,66.41
933396,Name559,Email799@example.com,Phone8510690281,Address380,54,96.89
644925,Name381,Email504@example.com,Phone8750526460,Address787,40,75.81
400372,Name134,Email735@example.com,Phone4532949672,Address497,44,54.09
260658,Name810,Email241@example.com,Phone9789064002,Address864,46,62.15
486247,Name439,Email201@example.com,Phone3536292492,Address381,30,91.43
566367,Name746,Email831@example.com,Phone2705875094,Address236,49,99.46
249815,Name806,Email564@example.com,Phone2051424411,Address712,26,84.41
510636,Name609,Email756@example.com,Phone4325513243,Address159,44,97.8
396854,Name566,Email652@example.com,Phone5034484296,Address795,31,95.23
404041,Name277,Email718@example.com,Phone4611162635,Address947,34,96.63
303363,Name247,Email492@example.com,Phone3096325222,Address450,45,88.99
821606,Name358,Email32@example.com,Phone7464186446,Address949,26,93.22
521158,Name390,Email770@example.com,Phone1201120731,Address294,38,98.44
362241,Name668,Email363@example.com,Phone5007787953,Address974,24,99.8
411516,Name998,Email880@example.com,Phone2924443122,Address943,33,55.53
906072,Name465,Email166@example.com,Phone4039014733,Address204,53,83.87
276399,Name410,Email58@example.com,Phone8616460226,Address267,49,87.38
957230,Name830,Email129@example.com,Phone7982761090,Address126,27,86.08
838028,Name595,Email894@example.com,Phone2358562291,Address109,20,57.79
900447,Name318,Email912@example.com,Phone4377664029,Address438,48,82.53
921741,Name774,Email336@example.com,Phone9629939314,Address895,55,51.09
473049,Name155,Email939@example.com,Phone1681225992,Address872,26,65.43
366032,Name290,Email365@example.com,Phone8739741681,Address323,38,83.36
605797,Name20,Email556@example.com,Phone4332803699,Address55,54,90.84
389910,Name627,Email107@example.com,Phone6771974836,Address726,23,78.71
740865,Name248,Email518@example.com,Phone7146674257,Address580,20,56.81
322168,Name490,Email364@example.com,Phone8267762829,Address271,57,80.55
749335,Name135,Email398@example.com,Phone8791657755,Address917,35,88.45
156631,Name40,Email898@example.com,Phone7671492011,Address646,30,54.04
211059,Name454,Email793@example.com,Phone1911828402,Address199,33,78.52
508290,Name211,Email456@example.com,Phone4566822615,Address821,40,57.61
368125,Name755,Email853@example.com,Phone2554171649,Address300,56,86.93
255130,Name761,Email897@example.com,Phone9203393560,Address424,23,83.24
924933,Name479,Email171@example.com,Phone3378144288,Address886,18,55.7
101232,Name933,Email856@example.com,Phone7046294412,Address599,39,91.7
783610,Name640,Email313@example.com,Phone4118502251,Address312,57,98.23
410699,Name111,Email240@example.com,Phone6043431782,Address159,36,66.57
203492,Name215,Email694@example.com,Phone7075321628,Address958,32,68.03
296897,Name172,Email420@example.com,Phone1127072057,Address232,56,59.05
393360,Name182,Email403@example.com,Phone7312698471,Address818,31,92.98
230241,Name950,Email628@example.com,Phone3611167922,Address580,29,54.82
565724,Name435,Email763@example.com,Phone2270053267,Address11,47,95.33
502958,Name139,Email39@example.com,Phone5336338777,Address439,45,58.2
526837,Name17,Email16@example.com,Phone3463174299,Address994,48,78.01
250659,Name331,Email702@example.com,Phone5783691671,Address360,44,64.44
577863,Name832,Email34@example.com,Phone9382103951,Address406,51,54.33
600244,Name179,Email180@example.com,Phone4093900608,Address158,30,71.73
745592,Name372,Email198@example.com,Phone4348096256,Address333,24,73.17
440023,Name575,Email756@example.com,Phone2002110866,Address897,60,55.34
900198,Name804,Email316@example.com,Phone6691454416,Address985,57,70.77
618897,Name543,Email141@example.com,Phone7112362217,Address939,59,62.58
991996,Name887,Email277@example.com,Phone7510721587,Address516,23,65.25
487126,Name594,Email236@example.com,Phone7182288651,Address590,47,59.63
782232,Name919,Email759@example.com,Phone4184734121,Address86,34,77.76
102833,Name121,Email397@example.com,Phone2708677626,Address352,41,72.26
337883,Name194,Email359@example.com,Phone2896271765,Address686,20,53.5
646330,Name587,Email755@example.com,Phone9185642892,Address141,24,91.74
476114,Name122,Email78@example.com,Phone9398379494,Address393,40,97.04
991999,Name307,Email664@example.com,Phone9579642292,Address450,29,75.04
994558,Name751,Email347@example.com,Phone9414391590,Address429,25,65.55
518637,Name380,Email464@example.com,Phone2869712138,Address981,39,60.38
412519,Name857,Email191@example.com,Phone7088319454,Address761,54,52.45
820162,Name981,Email166@example.com,Phone5625834010,Address679,60,60.89
221302,Name338,Email176@example.com,Phone1373835851,Address76,37,95.01
578340,Name377,Email131@example.com,Phone4800804842,Address953,29,96.45
904910,Name507,Email135@example.com,Phone5805647064,Address358,59,80.2
403714,Name637,Email827@example.com,Phone3515185803,Address788,55,76.11
470597,Name538,Email392@example.com,Phone2713350951,Address416,31,70.23
931355,Name938,Email173@example.com,Phone7540984850,Address633,53,52.12
903838,Name847,Email612@example.com,Phone3423302730,Address250,28,57.78
312714,Name223,Email512@example.com,Phone1016806287,Address734,28,93.23
976536,Name89,Email57@example.com,Phone2975448469,Address701,51,65.9
724334,Name613,Email171@example.com,Phone1773610184,Address560,47,58.62
771071,Name126,Email542@example.com,Phone9908589995,Address954,50,83.52
302254,Name774,Email708@example.com,Phone5054309977,Address764,39,75.78
766525,Name784,Email111@example.com,Phone1632954866,Address452,25,90.62
666658,Name970,Email430@example.com,Phone5412282470,Address634,49,61.28
800317,Name748,Email283@example.com,Phone3576650819,Address575,23,88.32
934858,Name57,Email979@example.com,Phone2052598385,Address603,60,90.08
176519,Name830,Email388@example.com,Phone1928474956,Address423,32,58.05
359638,Name904,Email689@example.com,Phone3987633843,Address955,53,87.66
705414,Name900,Email761@example.com,Phone3017375561,Address795,37,64.47
344245,Name462,Email4@example.com,Phone6091534123,Address21,51,81.81
600766,Name647,Email731@example.com,Phone6172250080,Address412,26,96.97
946763,Name349,Email144@example.com,Phone4774204054,Address589,50,50.18
455950,Name735,Email972@example.com,Phone4331351067,Address730,40,52.4
591845,Name752,Email151@example.com,Phone8074096043,Address177,54,57.32
335864,Name708,Email789@example.com,Phone7087614223,Address426,58,76.26
992110,Name219,Email287@example.com,Phone1430736013,Address316,53,95.68
991359,Name47,Email379@example.com,Phone8311780582,Address464,51,81.79
793408,Name84,Email233@example.com,Phone6133071662,Address208,39,69.85
359892,Name665,Email175@example.com,Phone9534269493,Address405,58,65.86
529404,Name101,Email518@example.com,Phone4729272269,Address576,54,64.46
102374,Name717,Email430@example.com,Phone6253888755,Address521,59,94.39
368964,Name323,Email117@example.com,Phone5495575954,Address689,28,66.61
897597,Name801,Email733@example.com,Phone7529184781,Address692,52,98.54
104802,Name967,Email556@example.com,Phone9898556243,Address580,21,85.72
680941,Name567,Email193@example.com,Phone4080603993,Address214,46,90.29
409840,Name174,Email712@example.com,Phone2216435615,Address786,48,62.02
269587,Name952,Email183@example.com,Phone7252938870,Address250,60,85.67
950628,Name731,Email697@example.com,Phone6765272165,Address740,28,98.35
338623,Name893,Email514@example.com,Phone8955411014,Address762,36,61.95
223983,Name359,Email916@example.com,Phone8682188231,Address60,24,86.61
842509,Name237,Email848@example.com,Phone4132741666,Address676,23,95.56
272320,Name889,Email364@example.com,Phone9395747451,Address568,54,89.68
548951,Name958,Email247@example.com,Phone1720238244,Address36,19,64.86
605640,Name76,Email322@example.com,Phone2245416290,Address639,30,95.06
164269,Name178,Email396@example.com,Phone7765986973,Address550,25,56.1
623096,Name702,Email789@example.com,Phone8329288812,Address417,47,54.27
965702,Name98,Email717@example.com,Phone3874187681,Address852,36,55.44
637025,Name77,Email261@example.com,Phone7094519143,Address520,28,75.04
414605,Name91,Email54@example.com,Phone8301731904,Address901,18,54.11
173359,Name78,Email45@example.com,Phone1431350978,Address126,24,79.92
992185,Name470,Email484@example.com,Phone5768986918,Address639,51,92.52
682560,Name941,Email837@example.com,Phone3542798617,Address140,53,64.69
824473,Name226,Email159@example.com,Phone1874051970,Address825,57,64.09
647442,Name896,Email193@example.com,Phone7591925851,Address159,32,55.86
914195,Name41,Email264@example.com,Phone4250166243,Address63,50,75.99
577141,Name496,Email902@example.com,Phone6646312699,Address324,54,99.91
458887,Name2,Email462@example.com,Phone2132855683,Address715,46,69.76
497645,Name120,Email99@example.com,Phone5473326970,Address136,48,77.72
809169,Name198,Email482@example.com,Phone5890191938,Address178,24,79.9
165686,Name329,Email108@example.com,Phone3483886297,Address631,45,79.52
102882,Name952,Email794@example.com,Phone5550170933,Address37,25,62.94
788978,Name153,Email474@example.com,Phone2723982701,Address173,40,51.88
100878,Name125,Email665@example.com,Phone6814327816,Address115,34,55.48
284397,Name43,Email271@example.com,Phone1887070782,Address883,29,71.27
130994,Name948,Email357@example.com,Phone7862315181,Address995,56,63.94
912967,Name561,Email781@example.com,Phone1249796525,Address384,32,89.63
909929,Name978,Email344@example.com,Phone6689099088,Address683,21,73.69
272686,Name901,Email88@example.com,Phone7763396848,Address583,22,95.74
788783,Name414,Email852@example.com,Phone9766555701,Address274,39,73.08
124668,Name688,Email784@example.com,Phone1133087146,Address285,21,88.33
163317,Name865,Email748@example.com,Phone6309778757,Address878,26,83.49
144195,Name251,Email65@example.com,Phone3961714235,Address439,22,93.2
574200,Name614,Email9@example.com,Phone5848161057,Address756,26,50.69
406461,Name709,Email320@example.com,Phone5417125494,Address260,45,82.36
880059,Name337,Email507@example.com,Phone5292687477,Address439,25,80.92
582655,Name597,Email472@example.com,Phone5500998369,Address432,26,96.88
212531,Name942,Email144@example.com,Phone2246442260,Address475,29,51.3
120514,Name719,Email412@example.com,Phone7846450699,Address854,49,61.62
437365,Name905,Email531@example.com,Phone9560540086,Address142,46,61.25
177223,Name101,Email978@example.com,Phone2426432463,Address827,21,71.05
475130,Name927,Email944@example.com,Phone8495428577,Address226,57,56.93
156373,Name722,Email745@example.com,Phone9019176083,Address165,51,68.5
112681,Name22,Email315@example.com,Phone7574784454,Address952,53,73.98
533366,Name661,Email164@example.com,Phone1571702917,Address678,22,72.83
775476,Name554,Email276@example.com,Phone6632272158,Address547,54,97.9
400211,Name371,Email888@example.com,Phone3990065042,Address861,35,93.75
769425,Name999,Email784@example.com,Phone3393994781,Address102,32,56.15
500154,Name68,Email6@example.com,Phone1344817569,Address529,29,53.29
232896,Name567,Email402@example.com,Phone6031045052,Address581,40,52.79
191970,Name275,Email940@example.com,Phone5364063404,Address77,46,93.72
903610,Name722,Email884@example.com,Phone3679214549,Address142,21,53.96
335148,Name228,Email117@example.com,Phone7105929608,Address366,29,73.38
140279,Name679,Email73@example.com,Phone6872663779,Address287,27,98.57
797919,Name624,Email826@example.com,Phone8556721218,Address269,30,87.82
198015,Name431,Email288@example.com,Phone3508836131,Address353,47,75.51
665630,Name886,Email621@example.com,Phone8930202496,Address697,34,89.78
360102,Name605,Email472@example.com,Phone4332418967,Address573,22,83.5
538107,Name373,Email174@example.com,Phone2255440098,Address81,48,91.03
343365,Name318,Email101@example.com,Phone2709695516,Address441,48,60.26
531697,Name115,Email271@example.com,Phone9544883614,Address466,19,64.03
834525,Name704,Email420@example.com,Phone3041406959,Address157,57,64.25
762941,Name303,Email332@example.com,Phone2325031700,Address479,34,80.56
414585,Name597,Email485@example.com,Phone3021405636,Address859,38,76.76
526646,Name634,Email515@example.com,Phone8933525043,Address646,58,94.81
558187,Name64,Email366@example.com,Phone9170815451,Address394,54,83.89
258324,Name942,Email863@example.com,Phone4429149301,Address629,59,74.67
591128,Name243,Email601@example.com,Phone1136776914,Address715,45,67.69
501651,Name812,Email484@example.com,Phone4871619268,Address680,55,95.86
383451,Name102,Email538@example.com,Phone7863129017,Address5,35,98.41
626580,Name835,Email556@example.com,Phone2673031183,Address476,31,85.92
615302,Name339,Email859@example.com,Phone2340368134,Address774,24,97.08
688014,Name919,Email905@example.com,Phone8474022527,Address803,31,87.48
900399,Name464,Email838@example.com,Phone8713671081,Address891,57,82.89
882339,Name574,Email933@example.com,Phone3358148910,Address252,20,64.14
738643,Name19,Email667@example.com,Phone7154188283,Address341,22,58.4
324253,Name44,Email901@example.com,Phone9002331500,Address498,37,78.87
857746,Name76,Email767@example.com,Phone3260421600,Address700,33,52.48
638799,Name775,Email296@example.com,Phone8986988213,Address332,44,68.93
914199,Name587,Email336@example.com,Phone5702741864,Address570,53,70.32
200510,Name195,Email193@example.com,Phone2436409713,Address359,44,54.33
923366,Name758,Email48@example.com,Phone7339386560,Address328,52,95.61
885465,Name446,Email391@example.com,Phone8731484171,Address759,20,56.59
419951,Name341,Email465@example.com,Phone8959036135,Address767,51,93.15
180401,Name800,Email578@example.com,Phone9145433734,Address561,22,71.97
753950,Name382,Email919@example.com,Phone5575073923,Address485,23,65.8
999380,Name385,Email363@example.com,Phone8699459158,Address928,29,82.64
804263,Name855,Email644@example.com,Phone3452140111,Address774,21,98.27
448961,Name189,Email133@example.com,Phone8469151122,Address336,34,75.34
791315,Name971,Email520@example.com,Phone1265944908,Address266,26,82.2
745770,Name622,Email745@example.com,Phone2783365300,Address902,52,96.52
490755,Name363,Email679@example.com,Phone5318665734,Address526,46,95.26
125209,Name804,Email236@example.com,Phone4266584685,Address921,24,78.58
120839,Name693,Email177@example.com,Phone1152565274,Address685,58,50.27
550643,Name715,Email849@example.com,Phone9126308936,Address402,57,99.44
742500,Name876,Email159@example.com,Phone7857687690,Address251,32,59.91
189413,Name84,Email904@example.com,Phone2891618676,Address823,18,81.6
458038,Name230,Email758@example.com,Phone4992315373,Address209,40,95.05
360184,Name619,Email367@example.com,Phone9630560160,Address574,40,60.41
508641,Name581,Email221@example.com,Phone5917192790,Address465,40,58.56
412008,Name804,Email726@example.com,Phone2478936332,Address971,44,74.19
299402,Name409,Email214@example.com,Phone3694409981,Address412,27,79.96
671248,Name218,Email844@example.com,Phone1501656939,Address876,50,82.4
204438,Name305,Email79@example.com,Phone2623908575,Address174,58,82.21
171438,Name936,Email819@example.com,Phone6760602252,Address752,32,94.88
173100,Name395,Email540@example.com,Phone7831967401,Address202,36,55.44
491682,Name484,Email222@example.com,Phone7815738357,Address152,44,82.15
152037,Name3,Email570@example.com,Phone3550632865,Address308,57,52.6
118913,Name990,Email246@example.com,Phone9227124087,Address582,37,97.06
655946,Name847,Email750@example.com,Phone5930470105,Address239,41,86.24
292237,Name675,Email314@example.com,Phone9474750083,Address186,35,93.3
704537,Name182,Email556@example.com,Phone6074812887,Address511,54,77.12
290598,Name897,Email153@example.com,Phone9882631460,Address224,53,91.7
794633,Name148,Email188@example.com,Phone5304719497,Address989,42,80.15
473067,Name545,Email746@example.com,Phone7990563942,Address788,56,98.15
122710,Name306,Email533@example.com,Phone8830808453,Address276,58,66.93
500698,Name833,Email393@example.com,Phone2878814923,Address889,35,88.88
125110,Name319,Email292@example.com,Phone8811880718,Address118,30,89.22
576173,Name870,Email454@example.com,Phone9875492801,Address423,43,53.89
287117,Name208,Email753@example.com,Phone5380144879,Address186,54,78.49
728578,Name247,Email406@example.com,Phone9446201123,Address369,32,98.65
551164,Name761,Email403@example.com,Phone6897086998,Address165,47,67.28
766064,Name746,Email671@example.com,Phone1457261843,Address432,35,87.82
840469,Name251,Email140@example.com,Phone4117937231,Address344,55,68.04
380416,Name115,Email958@example.com,Phone3299741848,Address861,54,56.1
652068,Name644,Email605@example.com,Phone9298151997,Address661,35,74.41
930460,Name772,Email464@example.com,Phone1147454429,Address594,56,97.18
746351,Name46,Email919@example.com,Phone7626376182,Address477,39,66.35
296560,Name574,Email25@example.com,Phone5077119185,Address197,50,69.4
798677,Name608,Email621@example.com,Phone8990691037,Address708,57,84.79
499007,Name479,Email902@example.com,Phone6505527004,Address777,43,84.54
898912,Name454,Email387@example.com,Phone7878151150,Address779,56,77.97
492524,Name450,Email658@example.com,Phone1152443014,Address366,48,57.94
615851,Name294,Email614@example.com,Phone6675898724,Address482,39,91.35
102220,Name12,Email451@example.com,Phone4987814287,Address175,58,50.39
101678,Name306,Email888@example.com,Phone5273291983,Address912,54,76.72
407641,Name533,Email734@example.com,Phone9934395297,Address464,55,66.25
917936,Name982,Email325@example.com,Phone8917626167,Address646,52,76.65
888401,Name91,Email32@example.com,Phone7571168391,Address393,33,96.92
709105,Name961,Email434@example.com,Phone5598810381,Address245,40,63.15
834844,Name616,Email855@example.com,Phone1142415884,Address880,24,55.97
237997,Name539,Email265@example.com,Phone8421893989,Address898,57,69.56
993614,Name478,Email540@example.com,Phone7087432101,Address203,28,81.61
440728,Name366,Email756@example.com,Phone2920085283,Address592,43,97.51
890373,Name235,Email727@example.com,Phone4421676066,Address47,24,93.24
174213,Name321,Email856@example.com,Phone4910856258,Address384,32,78.16
572160,Name113,Email473@example.com,Phone7768570862,Address330,25,93.8
661893,Name97,Email866@example.com,Phone5492021221,Address66,35,95.64
672486,Name332,Email191@example.com,Phone3730013957,Address358,36,77.38
641748,Name297,Email660@example.com,Phone8668137056,Address200,36,65.06
370450,Name716,Email127@example.com,Phone5975891060,Address112,56,84.75
992361,Name192,Email685@example.com,Phone6754905258,Address345,23,78.31
223794,Name593,Email63@example.com,Phone7302561728,Address853,26,92.36
428355,Name850,Email834@example.com,Phone7195725454,Address433,45,79.66
427934,Name267,Email438@example.com,Phone8928805868,Address327,18,84.15
736554,Name960,Email603@example.com,Phone8756392759,Address508,40,75.54
203451,Name756,Email338@example.com,Phone1262379185,Address769,49,65.72
109029,Name750,Email641@example.com,Phone3257100953,Address994,26,63.97
554422,Name758,Email275@example.com,Phone3910567693,Address407,57,76.97
125066,Name50,Email782@example.com,Phone4552090689,Address183,19,54.06
894386,Name553,Email299@example.com,Phone9025231041,Address102,57,54
448049,Name833,Email413@example.com,Phone1207872612,Address897,28,65.11
285398,Name528,Email572@example.com,Phone2312238358,Address612,53,80.18
320835,Name419,Email940@example.com,Phone2425306179,Address637,57,67.47
101233,Name296,Email360@example.com,Phone9027436867,Address233,55,51.19
992113,Name218,Email607@example.com,Phone8216004012,Address373,19,74.57
745834,Name557,Email945@example.com,Phone3126496276,Address83,25,74.71
857232,Name503,Email115@example.com,Phone2583512812,Address405,44,90.22
476768,Name373,Email184@example.com,Phone7848816836,Address792,42,61.1
830564,Name339,Email706@example.com,Phone2348718746,Address665,32,53.29
747856,Name813,Email265@example.com,Phone5952977609,Address679,19,83.79
760821,Name608,Email890@example.com,Phone7092001627,Address129,19,63.42
262289,Name287,Email203@example.com,Phone8519458030,Address706,60,77.07
642277,Name1000,Email350@example.com,Phone3982273267,Address52,24,99.81
957364,Name826,Email466@example.com,Phone7492815182,Address585,30,70.35
804040,Name417,Email630@example.com,Phone9808541453,Address769,46,90.33
101515,Name316,Email225@example.com,Phone2601827985,Address551,53,66.59
583175,Name984,Email996@example.com,Phone7057107377,Address315,27,66.55
835653,Name470,Email771@example.com,Phone4155556443,Address364,41,75.58
504124,Name412,Email262@example.com,Phone9271380882,Address837,39,63.17
303620,Name839,Email205@example.com,Phone8578385532,Address587,30,93.99
764904,Name438,Email259@example.com,Phone5766975545,Address995,25,69.87
323043,Name17,Email580@example.com,Phone4067352911,Address839,28,89.81
492309,Name5,Email464@example.com,Phone9402466511,Address365,26,80.19
661899,Name771,Email248@example.com,Phone3845003482,Address207,42,97.76
387415,Name637,Email659@example.com,Phone7311971146,Address306,33,68.93
504388,Name565,Email669@example.com,Phone5954282571,Address473,29,70.87
730634,Name393,Email297@example.com,Phone4115329879,Address931,21,71.47
599466,Name588,Email551@example.com,Phone9049559376,Address39,46,60.39
523391,Name796,Email288@example.com,Phone7161602367,Address919,53,72.69
756012,Name798,Email911@example.com,Phone7115758432,Address369,45,58.51
111949,Name247,Email410@example.com,Phone6850359399,Address581,22,89.96
148316,Name157,Email87@example.com,Phone4376072274,Address934,58,88.9
651965,Name954,Email212@example.com,Phone1040400921,Address531,28,97.66
242130,Name228,Email324@example.com,Phone3810596550,Address455,44,69.54
110890,Name360,Email501@example.com,Phone9867693979,Address701,28,65.22
772319,Name561,Email492@example.com,Phone5451273758,Address839,35,88.75
951327,Name417,Email565@example.com,Phone9458717442,Address275,22,55.2
410091,Name132,Email742@example.com,Phone5245593138,Address519,30,59.19
523425,Name744,Email277@example.com,Phone3417990089,Address306,48,54.81
616566,Name579,Email158@example.com,Phone3311023576,Address701,51,77.56
628266,Name943,Email866@example.com,Phone4803974014,Address584,56,91.45
907342,Name851,Email419@example.com,Phone5408593432,Address362,38,57.93
166725,Name979,Email192@example.com,Phone7536383203,Address339,34,99.21
271690,Name72,Email397@example.com,Phone2217999748,Address96,29,89.66
155735,Name496,Email9@example.com,Phone7938115773,Address473,60,66.83
711326,Name76,Email728@example.com,Phone2186640388,Address7,19,53.01
550684,Name841,Email355@example.com,Phone2450111863,Address906,58,76.45
456402,Name673,Email195@example.com,Phone9262407166,Address289,23,50.46
689878,Name30,Email675@example.com,Phone2999101092,Address738,35,52.01
710928,Name996,Email9@example.com,Phone6969427035,Address433,47,90.53
595255,Name393,Email59@example.com,Phone5686318007,Address801,23,99.66
695693,Name569,Email777@example.com,Phone3506906238,Address334,23,51.72
919457,Name55,Email619@example.com,Phone1528089172,Address730,44,66.25
825345,Name125,Email60@example.com,Phone7658626851,Address947,50,56.75
763078,Name947,Email16@example.com,Phone8051623347,Address381,21,78.69
716204,Name666,Email734@example.com,Phone3901951898,Address202,51,70.34
340249,Name368,Email645@example.com,Phone6895591214,Address128,44,65.08
981717,Name110,Email536@example.com,Phone3765720088,Address981,22,85.2
678124,Name42,Email781@example.com,Phone9787058508,Address659,32,74.74
741425,Name545,Email759@example.com,Phone9393268339,Address30,29,50.44
201473,Name944,Email642@example.com,Phone3884144419,Address930,56,61.06
534307,Name271,Email654@example.com,Phone1635608701,Address172,21,60.88
392490,Name231,Email83@example.com,Phone7077594330,Address885,42,72.9
214348,Name883,Email691@example.com,Phone3938138554,Address325,52,87.29
895825,Name285,Email577@example.com,Phone6307049433,Address648,27,72.23
214290,Name713,Email932@example.com,Phone1773230240,Address715,48,71.11
845225,Name840,Email767@example.com,Phone6813435857,Address886,48,99.31
648991,Name431,Email623@example.com,Phone7146447172,Address247,19,95.96
634312,Name14,Email202@example.com,Phone2586913308,Address459,24,74.66
571857,Name441,Email87@example.com,Phone6586526026,Address544,43,72.78
418907,Name237,Email338@example.com,Phone7651773764,Address128,40,97.12
477141,Name907,Email121@example.com,Phone6003625998,Address236,37,87.65
248296,Name783,Email443@example.com,Phone2972453353,Address580,56,53.92
393477,Name316,Email496@example.com,Phone2543730793,Address499,44,58.73
712439,Name365,Email824@example.com,Phone5343209101,Address766,53,76.09
523903,Name512,Email209@example.com,Phone8458415520,Address961,40,79.47
617091,Name532,Email595@example.com,Phone8132610859,Address353,48,61.83
820760,Name242,Email944@example.com,Phone2145583120,Address435,18,78.84
927730,Name296,Email506@example.com,Phone2599317809,Address784,59,74.68
786577,Name884,Email217@example.com,Phone1460370550,Address783,33,76.94
378430,Name642,Email27@example.com,Phone8384900943,Address139,46,62.84
237002,Name658,Email526@example.com,Phone3461850459,Address767,53,90.87
100129,Name458,Email794@example.com,Phone4979534957,Address773,43,97.25
298193,Name907,Email777@example.com,Phone7635367649,Address250,33,59.88
102314,Name249,Email653@example.com,Phone9929401082,Address460,51,52.52
950741,Name225,Email803@example.com,Phone6580720412,Address452,38,70.77
890205,Name782,Email824@example.com,Phone5977217671,Address750,51,90.53
793191,Name161,Email738@example.com,Phone3487666075,Address821,45,83.06
380472,Name263,Email413@example.com,Phone6146124984,Address842,32,73.02
974301,Name441,Email819@example.com,Phone7484499907,Address684,37,99.87
374269,Name289,Email145@example.com,Phone3467127086,Address839,30,53.3
853830,Name377,Email786@example.com,Phone7634317538,Address591,39,87.73
658071,Name645,Email809@example.com,Phone1043611846,Address265,20,50.48
537869,Name237,Email222@example.com,Phone7939723677,Address695,18,75.15
514578,Name399,Email287@example.com,Phone7381674926,Address229,25,76.59
764630,Name288,Email627@example.com,Phone3753403181,Address165,32,80.09
736821,Name631,Email846@example.com,Phone5151018406,Address199,51,91
925594,Name809,Email10@example.com,Phone2746944802,Address784,48,92.53
646491,Name821,Email27@example.com,Phone9339699384,Address814,36,99.54
212097,Name374,Email141@example.com,Phone9011916973,Address269,29,55.54
204538,Name206,Email29@example.com,Phone1147224091,Address29,42,51.75
426956,Name506,Email960@example.com,Phone1406762269,Address650,33,82.81
784184,Name84,Email710@example.com,Phone8883548988,Address889,36,59.61
473502,Name336,Email930@example.com,Phone8218195991,Address405,51,90.62
148329,Name3,Email836@example.com,Phone9825201980,Address127,28,66.43
232567,Name45,Email299@example.com,Phone2814083422,Address886,22,81.46
895979,Name852,Email697@example.com,Phone2506565056,Address61,23,90.18
461063,Name30,Email199@example.com,Phone2456195926,Address349,36,64.54
584463,Name323,Email573@example.com,Phone8259355379,Address534,38,94.46
484906,Name994,Email420@example.com,Phone6416669274,Address297,50,52.59
474207,Name711,Email148@example.com,Phone4765246573,Address721,38,60.68
379413,Name175,Email422@example.com,Phone2313132722,Address566,59,96.09
651554,Name686,Email357@example.com,Phone6551114587,Address408,44,75.35
102938,Name181,Email21@example.com,Phone8022771076,Address908,49,52.3
800676,Name717,Email864@example.com,Phone9982997259,Address387,53,81.17
467116,Name868,Email842@example.com,Phone3154584282,Address451,48,54.11
579828,Name7,Email236@example.com,Phone6683157097,Address561,34,89.85
798495,Name487,Email501@example.com,Phone7212761019,Address95,21,61.65
860993,Name308,Email318@example.com,Phone9218184086,Address27,45,66.18
953876,Name314,Email858@example.com,Phone5643677132,Address589,27,91.76
706557,Name490,Email882@example.com,Phone9405586687,Address652,48,92.5
357524,Name807,Email875@example.com,Phone5064265333,Address832,46,70.93
530945,Name358,Email811@example.com,Phone9192872943,Address597,22,92.98
967164,Name212,Email171@example.com,Phone8823485228,Address538,51,74.72
294038,Name689,Email699@example.com,Phone4329841797,Address10,33,75.56
390215,Name459,Email458@example.com,Phone4045979525,Address970,53,63.78
169284,Name117,Email897@example.com,Phone6252194089,Address656,53,74.08
314802,Name895,Email575@example.com,Phone8197421889,Address723,53,78.18
866785,Name930,Email380@example.com,Phone5077865477,Address306,50,68.96
590927,Name361,Email694@example.com,Phone8373389497,Address435,25,64.17
228583,Name369,Email854@example.com,Phone1206022424,Address224,30,58.77
304004,Name301,Email670@example.com,Phone6916661039,Address129,24,52.86
846947,Name972,Email31@example.com,Phone6565425399,Address176,37,73.27
463949,Name140,Email715@example.com,Phone8935329053,Address650,53,51.77
297231,Name976,Email514@example.com,Phone5148716331,Address369,18,67.09
144128,Name156,Email653@example.com,Phone9870014670,Address142,29,81.49
555852,Name591,Email761@example.com,Phone9809846659,Address316,42,94.56
278860,Name270,Email813@example.com,Phone5611652446,Address886,20,98.32
610518,Name924,Email806@example.com,Phone5323164887,Address818,41,95.63
301239,Name888,Email728@example.com,Phone3858123490,Address432,59,50.09
945349,Name41,Email28@example.com,Phone2781732803,Address292,35,99.16
898075,Name499,Email313@example.com,Phone7712400091,Address722,60,72.79
733668,Name58,Email186@example.com,Phone6245245482,Address466,32,79.8
498058,Name565,Email910@example.com,Phone4630491489,Address797,44,86.56
946022,Name342,Email205@example.com,Phone5539427446,Address730,46,57.3
424965,Name605,Email609@example.com,Phone4651579875,Address429,53,76.94
724697,Name513,Email731@example.com,Phone2708965247,Address910,50,66.62
380686,Name930,Email294@example.com,Phone2820509201,Address951,47,68.64
351273,Name392,Email666@example.com,Phone1975005534,Address255,53,86.34
574408,Name172,Email883@example.com,Phone9106061205,Address536,27,76.77
237666,Name145,Email526@example.com,Phone4360179030,Address837,38,95.62
908795,Name520,Email199@example.com,Phone8662978163,Address947,56,99.72
456870,Name380,Email914@example.com,Phone8403833576,Address130,47,54.06
773068,Name997,Email968@example.com,Phone5883357306,Address99,28,71.57
119153,Name116,Email487@example.com,Phone6804332507,Address599,52,58.74
939006,Name931,Email89@example.com,Phone5720716167,Address886,41,74.62
749286,Name708,Email180@example.com,Phone2742081691,Address624,38,78.65
457085,Name601,Email737@example.com,Phone6887716093,Address598,45,79.16
355753,Name635,Email382@example.com,Phone4857310946,Address35,59,82.64
909737,Name863,Email836@example.com,Phone1169305492,Address277,39,87.2
691340,Name990,Email76@example.com,Phone5151056296,Address110,18,62.35
315556,Name49,Email131@example.com,Phone3778218340,Address35,33,59.47
294233,Name115,Email852@example.com,Phone5616712575,Address57,40,83.67
239670,Name974,Email169@example.com,Phone2269032484,Address871,37,70.29
567574,Name378,Email822@example.com,Phone3862901928,Address408,49,87.13
591043,Name312,Email935@example.com,Phone2101323609,Address871,52,93.58
632886,Name642,Email890@example.com,Phone6268848174,Address134,23,93.99
593034,Name346,Email703@example.com,Phone1317007760,Address286,44,85.7
850615,Name78,Email680@example.com,Phone6396614074,Address505,41,72.53
658452,Name379,Email241@example.com,Phone9002368749,Address697,58,75.22
758865,Name859,Email135@example.com,Phone7437599995,Address635,25,54.84
886311,Name716,Email865@example.com,Phone3814184221,Address335,53,94.05
947564,Name599,Email916@example.com,Phone9776312720,Address680,33,56.54
229825,Name633,Email35@example.com,Phone7787102090,Address134,23,77.48
767232,Name600,Email116@example.com,Phone1014044524,Address352,45,56.19
332589,Name751,Email893@example.com,Phone1153928268,Address839,42,58.01
813682,Name853,Email12@example.com,Phone2533941163,Address538,25,89.79
966492,Name114,Email13@example.com,Phone1587973061,Address752,31,71.33
584709,Name357,Email55@example.com,Phone8154272072,Address42,40,88.19
624861,Name305,Email611@example.com,Phone9663856055,Address483,55,61.87
912390,Name79,Email915@example.com,Phone9220765675,Address335,23,67.2
561825,Name105,Email97@example.com,Phone6287850131,Address854,58,51.5
695844,Name737,Email450@example.com,Phone8371843043,Address25,60,65.77
489230,Name80,Email833@example.com,Phone2253076204,Address219,59,58.09
537246,Name534,Email403@example.com,Phone9400022068,Address34,41,55.71
830003,Name149,Email556@example.com,Phone1697011520,Address416,23,88.6
528957,Name273,Email132@example.com,Phone6563779540,Address105,22,69.14
652072,Name394,Email368@example.com,Phone6441979100,Address635,30,92.86
710872,Name878,Email180@example.com,Phone6451980106,Address56,31,55.51
267193,Name9,Email585@example.com,Phone8729131528,Address304,22,64.19
143644,Name7,Email83@example.com,Phone9891199745,Address873,28,51.17
386108,Name615,Email843@example.com,Phone2590445118,Address821,50,59.43
370639,Name720,Email228@example.com,Phone4328030731,Address722,40,64.33
383943,Name24,Email936@example.com,Phone5834798202,Address235,33,89.05
340127,Name425,Email638@example.com,Phone6539262796,Address542,46,72.42
841218,Name281,Email952@example.com,Phone4779914413,Address795,52,94.49
434352,Name782,Email378@example.com,Phone2282366865,Address371,58,79.71
592492,Name660,Email316@example.com,Phone1421871688,Address927,59,50.79
898106,Name423,Email949@example.com,Phone7039691266,Address990,42,68.49
609485,Name318,Email828@example.com,Phone6649839267,Address336,48,94.53
552915,Name12,Email939@example.com,Phone2542876934,Address211,27,50.02
715962,Name970,Email214@example.com,Phone9023502611,Address935,44,68.81
277275,Name694,Email353@example.com,Phone2317304193,Address953,38,91.49
811184,Name344,Email573@example.com,Phone5995249830,Address352,40,97.73
801828,Name39,Email486@example.com,Phone3853541589,Address766,33,54.78
402914,Name803,Email79@example.com,Phone1923118214,Address71,41,94.53
486283,Name200,Email24@example.com,Phone7064728115,Address837,43,91.36
188869,Name355,Email495@example.com,Phone8659393010,Address532,57,50.48
986880,Name851,Email456@example.com,Phone4539348501,Address854,32,84.14
165647,Name402,Email974@example.com,Phone3297305640,Address103,46,67.73
152431,Name567,Email719@example.com,Phone9982507371,Address944,19,84
988121,Name557,Email171@example.com,Phone3179813763,Address760,25,87.6
529075,Name627,Email870@example.com,Phone8694177036,Address875,53,73.52
416300,Name173,Email759@example.com,Phone7127552242,Address470,41,51.5
904777,Name722,Email991@example.com,Phone9418846712,Address534,39,97.35
655069,Name312,Email735@example.com,Phone2610304453,Address90,30,61.55
331226,Name401,Email48@example.com,Phone7929424129,Address267,37,60.87
448555,Name4,Email234@example.com,Phone6392540305,Address46,45,90.68
236583,Name705,Email591@example.com,Phone7123144856,Address132,37,75.6
163395,Name361,Email890@example.com,Phone8844662342,Address634,43,82.87
200683,Name166,Email548@example.com,Phone2709743210,Address263,23,53.98
726227,Name686,Email518@example.com,Phone2989326913,Address154,19,79.21
274777,Name381,Email561@example.com,Phone6391839155,Address312,36,55.89
405219,Name469,Email49@example.com,Phone4002983935,Address599,59,82.12
711084,Name748,Email124@example.com,Phone4531261226,Address793,22,79.68
641812,Name760,Email517@example.com,Phone8107528100,Address140,34,58.85
381331,Name807,Email30@example.com,Phone7382185038,Address60,48,82.01
142050,Name477,Email778@example.com,Phone6964214113,Address846,23,90.11
150836,Name318,Email856@example.com,Phone8214391031,Address795,58,92.02
991441,Name338,Email139@example.com,Phone7170439520,Address462,52,59.21
796154,Name67,Email410@example.com,Phone3038779851,Address463,23,50.8
225645,Name680,Email211@example.com,Phone1768530226,Address843,31,76.28
197630,Name850,Email738@example.com,Phone6442795361,Address311,28,76.41
336917,Name906,Email582@example.com,Phone4911146018,Address698,35,82.93
423345,Name23,Email655@example.com,Phone7630046247,Address819,35,69.9
644227,Name685,Email345@example.com,Phone2017290843,Address973,24,69.25
927250,Name991,Email532@example.com,Phone8801916342,Address511,49,86.56
714394,Name126,Email216@example.com,Phone9194093439,Address648,57,58.39
888323,Name292,Email684@example.com,Phone4466512906,Address720,24,67.19
946071,Name972,Email398@example.com,Phone7877000908,Address125,33,89.54
363042,Name90,Email188@example.com,Phone1462392131,Address394,50,65.39
327073,Name89,Email897@example.com,Phone4133458043,Address774,50,80.01
688085,Name886,Email384@example.com,Phone7478021561,Address861,55,88.03
713168,Name169,Email51@example.com,Phone8811137887,Address392,42,71.63
222738,Name961,Email106@example.com,Phone3421088388,Address112,58,86.58
937184,Name694,Email762@example.com,Phone1600722992,Address216,20,67.51
946914,Name526,Email804@example.com,Phone1833835511,Address743,47,59.8
398902,Name247,Email547@example.com,Phone6984665192,Address545,44,71.83
651633,Name665,Email408@example.com,Phone5335081742,Address414,30,89.82
783895,Name660,Email396@example.com,Phone8752912990,Address831,37,86.5
982371,Name837,Email3@example.com,Phone4580435561,Address218,48,62.64
504218,Name390,Email747@example.com,Phone9118432802,Address710,44,63.43
299569,Name886,Email892@example.com,Phone3762811237,Address458,23,64.12
723393,Name759,Email221@example.com,Phone6889343754,Address522,44,73.87
161087,Name202,Email493@example.com,Phone8702875971,Address715,40,75.99
105611,Name802,Email166@example.com,Phone6249697687,Address807,53,97.2
987393,Name354,Email481@example.com,Phone5422453826,Address352,34,65.18
448104,Name408,Email624@example.com,Phone9634119810,Address741,26,86.21
239243,Name854,Email277@example.com,Phone2952348975,Address514,23,52.29
792334,Name905,Email999@example.com,Phone2509675891,Address879,32,62.04
205796,Name953,Email322@example.com,Phone3234124775,Address533,30,73.04
151050,Name565,Email524@example.com,Phone6793256675,Address792,53,51.32
732572,Name461,Email871@example.com,Phone2906631617,Address953,37,72.17
820977,Name596,Email731@example.com,Phone7488914815,Address377,39,83.53
215041,Name60,Email717@example.com,Phone6329243375,Address695,34,85.76
558900,Name760,Email255@example.com,Phone3883878073,Address117,53,64.84
414761,Name618,Email974@example.com,Phone2621878157,Address806,59,94.7
966738,Name580,Email442@example.com,Phone4541386457,Address735,21,59.2
991398,Name78,Email17@example.com,Phone9086853592,Address671,35,96.28
258873,Name599,Email930@example.com,Phone8091722857,Address920,29,54.12
323955,Name768,Email479@example.com,Phone3043195990,Address822,55,96.95
595789,Name125,Email536@example.com,Phone6201347639,Address910,34,85.96
570997,Name138,Email885@example.com,Phone1769375606,Address376,22,98.02
239336,Name669,Email308@example.com,Phone3758842881,Address818,46,93.55
589755,Name218,Email14@example.com,Phone9718425776,Address322,31,75.07
227156,Name754,Email861@example.com,Phone8262294835,Address45,52,76.64
627841,Name955,Email763@example.com,Phone4581996816,Address873,36,93.1
143425,Name925,Email852@example.com,Phone1169948425,Address863,36,67.32
284082,Name634,Email997@example.com,Phone7388488549,Address110,55,57.19
220943,Name247,Email617@example.com,Phone5639038637,Address710,21,90.87
714868,Name247,Email639@example.com,Phone8232430334,Address69,19,69.04
101062,Name765,Email363@example.com,Phone5775621913,Address528,36,52.63
915573,Name839,Email378@example.com,Phone7611120592,Address961,19,93.77
708902,Name596,Email145@example.com,Phone1871404797,Address509,24,72.06
752352,Name176,Email519@example.com,Phone2953685845,Address277,59,92.55
438997,Name9,Email735@example.com,Phone1859852878,Address551,49,85.21
828620,Name162,Email776@example.com,Phone3881832077,Address894,51,76.77
436481,Name973,Email319@example.com,Phone2955883893,Address601,39,76.67
377506,Name677,Email891@example.com,Phone2500543836,Address252,55,63.1
890057,Name647,Email697@example.com,Phone1757879046,Address871,48,82.16
553007,Name734,Email777@example.com,Phone9795971132,Address416,29,79.06
273543,Name637,Email676@example.com,Phone9346792423,Address970,50,62.3
652635,Name818,Email715@example.com,Phone9890626038,Address879,47,52.25
980835,Name91,Email217@example.com,Phone3657257672,Address960,18,50.24
714299,Name699,Email79@example.com,Phone7900145907,Address814,27,55.04
332839,Name110,Email599@example.com,Phone1460379901,Address874,44,67.53
517630,Name744,Email899@example.com,Phone4750440857,Address106,22,91.65
663823,Name405,Email8@example.com,Phone2145384522,Address359,56,79.05
205245,Name624,Email989@example.com,Phone2621187709,Address919,58,97.17
571971,Name331,Email679@example.com,Phone5999943316,Address601,45,89.77
347241,Name717,Email881@example.com,Phone6900852822,Address421,33,96.3
462877,Name80,Email906@example.com,Phone5109758281,Address453,33,99.66
281101,Name32,Email311@example.com,Phone5268515234,Address421,33,86.08
951236,Name974,Email987@example.com,Phone6096682040,Address310,37,69.73
600891,Name885,Email629@example.com,Phone1821246765,Address91,26,96.86
636892,Name51,Email876@example.com,Phone4714278125,Address705,51,80.07
765821,Name498,Email739@example.com,Phone1381358862,Address41,55,84.62
303419,Name717,Email136@example.com,Phone7602301424,Address809,56,72.01
631291,Name164,Email525@example.com,Phone2534228015,Address611,25,97.18
465835,Name493,Email354@example.com,Phone7862636355,Address873,30,81.81
103631,Name242,Email424@example.com,Phone6875331524,Address351,20,73.21
373311,Name872,Email636@example.com,Phone9879649646,Address911,54,87.38
399160,Name563,Email496@example.com,Phone1191846119,Address263,23,90.93
554513,Name991,Email980@example.com,Phone3789200969,Address520,59,71.01
237481,Name597,Email697@example.com,Phone1675831401,Address385,45,64.01
343194,Name94,Email413@example.com,Phone2926631573,Address626,23,80.49
754183,Name624,Email122@example.com,Phone1074593376,Address183,30,57.79
551187,Name523,Email566@example.com,Phone7744496720,Address447,35,86.65
912546,Name578,Email669@example.com,Phone8762154599,Address40,23,62.41
318666,Name239,Email795@example.com,Phone1230916216,Address744,18,85.27
166417,Name975,Email925@example.com,Phone1834253311,Address806,48,75.19
236841,Name112,Email979@example.com,Phone7394763543,Address482,19,54.24
324529,Name985,Email78@example.com,Phone4475335885,Address467,40,63.01
350775,Name682,Email664@example.com,Phone4030471412,Address324,20,54.59
546434,Name604,Email654@example.com,Phone4508107367,Address661,44,62.97
225235,Name287,Email176@example.com,Phone4000747237,Address513,22,76.45
801673,Name546,Email4@example.com,Phone9227692169,Address752,51,90.64
225390,Name506,Email383@example.com,Phone9784163142,Address15,48,65.91
215904,Name478,Email773@example.com,Phone1161848367,Address196,44,84.29
915987,Name627,Email423@example.com,Phone8347491961,Address82,36,87.13
367892,Name147,Email348@example.com,Phone1663278409,Address79,49,89.69
745622,Name940,Email541@example.com,Phone3216436925,Address657,25,61.58
263938,Name683,Email685@example.com,Phone1710222398,Address611,52,50.71
530200,Name259,Email792@example.com,Phone8123906174,Address658,26,78.79
415390,Name438,Email345@example.com,Phone4669404375,Address352,50,97.75
922431,Name504,Email773@example.com,Phone1466320239,Address180,26,58.73
565942,Name879,Email359@example.com,Phone6418960387,Address193,43,70.3
789745,Name874,Email457@example.com,Phone3040163060,Address101,48,50.45
886804,Name764,Email369@example.com,Phone7601157086,Address692,46,56.68
352509,Name853,Email936@example.com,Phone1896809917,Address477,22,72.73
267678,Name383,Email123@example.com,Phone1790846465,Address659,60,98.47
385799,Name502,Email180@example.com,Phone1435830792,Address776,39,72.12
554476,Name392,Email67@example.com,Phone3732425074,Address734,22,76.08
223616,Name543,Email264@example.com,Phone2534053869,Address813,54,91.6
662891,Name873,Email611@example.com,Phone9574699635,Address177,51,97.39
458370,Name344,Email647@example.com,Phone3410515461,Address568,53,68.32
575335,Name936,Email774@example.com,Phone4590685301,Address731,42,70.96
277306,Name697,Email464@example.com,Phone5251054819,Address373,25,81.77
323373,Name107,Email222@example.com,Phone7901858243,Address155,22,81.33
904422,Name133,Email671@example.com,Phone3498257041,Address749,23,95.44
868801,Name650,Email423@example.com,Phone6395539937,Address239,48,70.15
576046,Name141,Email815@example.com,Phone2736015354,Address800,56,51.72
260695,Name593,Email560@example.com,Phone8889399256,Address392,34,99.8
545731,Name686,Email227@example.com,Phone2487133606,Address467,36,58.48
118188,Name212,Email184@example.com,Phone7654347225,Address909,22,85.32
795103,Name521,Email50@example.com,Phone4606705077,Address94,33,57.44
137825,Name669,Email995@example.com,Phone4975534693,Address603,40,78.31
227124,Name883,Email75@example.com,Phone7695708622,Address58,18,88.09
831227,Name443,Email209@example.com,Phone2449096037,Address39,37,56.13
214172,Name32,Email648@example.com,Phone7923667910,Address927,30,67.7
954639,Name614,Email252@example.com,Phone4247454730,Address315,58,81.45
589280,Name160,Email464@example.com,Phone7493285701,Address701,30,94.48
339398,Name222,Email104@example.com,Phone8490968787,Address628,38,93.59
310333,Name442,Email904@example.com,Phone9149565498,Address673,20,94.8
159551,Name163,Email339@example.com,Phone7425035803,Address43,34,55.32
664362,Name593,Email382@example.com,Phone2602409772,Address884,50,79.3
712102,Name928,Email117@example.com,Phone2471843316,Address362,37,74.96
354811,Name424,Email590@example.com,Phone4885907496,Address420,44,50.58
982259,Name99,Email31@example.com,Phone5630686492,Address496,25,70.69
235634,Name701,Email364@example.com,Phone2611035961,Address302,25,96.72
973896,Name350,Email568@example.com,Phone7185010759,Address20,30,78.14
536703,Name885,Email235@example.com,Phone3466813888,Address959,22,72.27
171243,Name777,Email322@example.com,Phone7795607487,Address491,24,82.04
468412,Name510,Email783@example.com,Phone7857601163,Address792,37,92.44
880078,Name900,Email60@example.com,Phone8398549755,Address576,30,57.31
993484,Name126,Email748@example.com,Phone6092983805,Address770,18,50.7
364938,Name598,Email918@example.com,Phone6351608488,Address21,40,85.03
441246,Name169,Email283@example.com,Phone8320326753,Address662,53,91.26
570253,Name99,Email554@example.com,Phone3217292303,Address251,53,59.87
518056,Name642,Email567@example.com,Phone1845302140,Address152,31,68.56
862368,Name713,Email299@example.com,Phone1383946629,Address194,35,72.62
761928,Name86,Email236@example.com,Phone2841902041,Address693,50,54.32
317648,Name804,Email824@example.com,Phone3853724437,Address571,27,80.58
716348,Name791,Email791@example.com,Phone5339027654,Address147,53,53.37
602482,Name121,Email148@example.com,Phone4999439666,Address681,23,76.86
719917,Name280,Email603@example.com,Phone5712168033,Address585,18,64.05
376562,Name868,Email166@example.com,Phone3799726082,Address244,55,93.35
364116,Name117,Email177@example.com,Phone3952934541,Address633,48,73.9
858350,Name94,Email134@example.com,Phone8544489191,Address128,30,63.3
164442,Name272,Email219@example.com,Phone3153383202,Address190,28,58.6
598880,Name379,Email932@example.com,Phone7251210239,Address669,48,96.94
492470,Name828,Email103@example.com,Phone5064565009,Address68,47,76.66
373209,Name927,Email967@example.com,Phone2132428738,Address120,27,66.51
116587,Name501,Email688@example.com,Phone2395591323,Address887,44,87.34
884340,Name600,Email308@example.com,Phone4853419369,Address102,46,86.37
229019,Name977,Email382@example.com,Phone3591966232,Address780,44,57.87
552825,Name496,Email651@example.com,Phone5549403164,Address940,29,67.85
960406,Name291,Email583@example.com,Phone6587029985,Address265,24,68.36
950342,Name412,Email668@example.com,Phone8159312674,Address448,21,67.96
803583,Name421,Email572@example.com,Phone8652835639,Address85,34,86.97
809937,Name516,Email627@example.com,Phone7169824997,Address445,44,65.53
229437,Name16,Email65@example.com,Phone5434055686,Address966,32,85.38
380403,Name174,Email267@example.com,Phone9987056649,Address644,27,81.3
463877,Name666,Email338@example.com,Phone7572970238,Address758,23,57.36
345255,Name817,Email602@example.com,Phone4301756209,Address634,40,88.29
245155,Name699,Email814@example.com,Phone2441202121,Address991,60,52.32
216021,Name397,Email504@example.com,Phone3053212223,Address477,21,62.57
887703,Name743,Email148@example.com,Phone7555323816,Address548,28,99.7
533077,Name213,Email51@example.com,Phone4043612085,Address236,32,89.71
378590,Name801,Email494@example.com,Phone2110754734,Address137,28,75.96
108166,Name499,Email18@example.com,Phone9968761412,Address206,37,79.41
510393,Name668,Email221@example.com,Phone3425084544,Address326,30,56.44
848179,Name178,Email543@example.com,Phone5367025544,Address754,36,93.45
186867,Name339,Email846@example.com,Phone5630120363,Address243,57,92.04
188101,Name989,Email873@example.com,Phone3238908908,Address835,35,68.08
422404,Name980,Email93@example.com,Phone6234509900,Address584,56,83.57
915520,Name410,Email377@example.com,Phone3242405454,Address345,25,54.03
331537,Name459,Email649@example.com,Phone1185268688,Address39,59,83.01
522397,Name343,Email255@example.com,Phone3840516343,Address864,52,86.8
268785,Name297,Email868@example.com,Phone5261513764,Address557,44,95.76
425392,Name488,Email523@example.com,Phone1241814933,Address467,54,74.46
954383,Name378,Email192@example.com,Phone3474356595,Address223,47,53.16
681019,Name114,Email869@example.com,Phone5117358651,Address209,24,94.34
128315,Name248,Email870@example.com,Phone3179872407,Address749,39,74.55
526034,Name536,Email860@example.com,Phone9204755172,Address640,44,75.17
665071,Name273,Email309@example.com,Phone7145098047,Address248,18,74.63
680347,Name598,Email963@example.com,Phone5130844030,Address520,58,65.54
810746,Name724,Email124@example.com,Phone7716484692,Address739,42,99.41
747042,Name713,Email360@example.com,Phone9111089040,Address112,33,54.2
289573,Name520,Email137@example.com,Phone9096277618,Address403,47,80.42
364459,Name921,Email459@example.com,Phone7526349847,Address432,22,82.97
352624,Name810,Email595@example.com,Phone6922354184,Address451,50,70.69
228448,Name388,Email836@example.com,Phone5390296762,Address941,57,83.19
344227,Name109,Email352@example.com,Phone6743440075,Address308,21,66.09
200966,Name962,Email806@example.com,Phone2642859266,Address317,50,96.13
110180,Name479,Email555@example.com,Phone5091186805,Address460,47,75.03
141825,Name631,Email477@example.com,Phone5220619372,Address753,19,84.72
862967,Name584,Email102@example.com,Phone5208721531,Address845,54,77.23
566175,Name133,Email369@example.com,Phone8296317451,Address979,44,92.5
878423,Name477,Email890@example.com,Phone7608423521,Address912,27,86.97
421710,Name17,Email119@example.com,Phone9410657070,Address230,24,88.87
125599,Name827,Email599@example.com,Phone7881205681,Address693,42,84.56
643441,Name608,Email398@example.com,Phone1601072458,Address930,36,93.48
598974,Name223,Email312@example.com,Phone4609668906,Address885,60,98.01
679513,Name29,Email750@example.com,Phone4913099834,Address237,42,85.26
251041,Name896,Email403@example.com,Phone9301614729,Address436,45,78.41
435592,Name577,Email647@example.com,Phone3428663527,Address548,34,86.07
271792,Name400,Email80@example.com,Phone2358176953,Address343,25,68.7
993640,Name850,Email754@example.com,Phone1217225156,Address716,58,91.25
323156,Name162,Email621@example.com,Phone6209003929,Address145,41,51.56
253274,Name780,Email827@example.com,Phone4578627862,Address219,32,52.02
225948,Name69,Email189@example.com,Phone6057112194,Address197,43,76.03
839709,Name546,Email144@example.com,Phone4013339338,Address246,29,73.35
795737,Name560,Email398@example.com,Phone5171070804,Address596,19,90.3
214827,Name325,Email630@example.com,Phone4734863942,Address576,37,63.93
639104,Name97,Email952@example.com,Phone3464166736,Address966,23,80.88
681887,Name439,Email991@example.com,Phone1414210129,Address603,52,54.72
301310,Name318,Email820@example.com,Phone3286460672,Address607,37,96.5
558175,Name882,Email721@example.com,Phone8131600992,Address472,38,87.76
225864,Name656,Email847@example.com,Phone2589890271,Address687,20,99.47
563960,Name732,Email360@example.com,Phone7702418996,Address375,20,55.24
340499,Name691,Email94@example.com,Phone6627876221,Address398,37,68.24
831326,Name76,Email761@example.com,Phone4455348487,Address449,52,54.47
225036,Name22,Email476@example.com,Phone5089274051,Address945,20,76.95
601083,Name995,Email766@example.com,Phone2770229841,Address322,43,99.89
543954,Name781,Email868@example.com,Phone6726012778,Address728,52,95.78
499913,Name728,Email860@example.com,Phone5864665978,Address314,50,58.45
268309,Name611,Email208@example.com,Phone8850042208,Address824,32,89.01
926555,Name902,Email695@example.com,Phone4345627419,Address189,55,59.26
137984,Name405,Email96@example.com,Phone4194604420,Address119,27,70.46
840582,Name498,Email747@example.com,Phone4369381708,Address178,49,74.67
833955,Name956,Email163@example.com,Phone2993572006,Address851,55,56.97
736412,Name229,Email390@example.com,Phone5354110375,Address627,20,65.26
168547,Name653,Email450@example.com,Phone5999934888,Address293,38,77.22
653702,Name343,Email10@example.com,Phone1231644647,Address107,54,89.19
206992,Name366,Email673@example.com,Phone2911681719,Address991,29,52.85
449469,Name179,Email255@example.com,Phone9395410623,Address308,48,97.29
421562,Name193,Email351@example.com,Phone4978584225,Address424,19,97.84
999676,Name240,Email724@example.com,Phone2685134014,Address591,23,58.89
895662,Name889,Email213@example.com,Phone6515706899,Address697,60,94.75
107661,Name651,Email378@example.com,Phone2287577599,Address466,20,55.17
801764,Name892,Email224@example.com,Phone5172060551,Address147,25,94.92
334435,Name960,Email425@example.com,Phone9774374402,Address801,52,86.17
421749,Name293,Email827@example.com,Phone9011950487,Address867,40,71.71
242966,Name914,Email990@example.com,Phone1473574296,Address579,60,65.69
915023,Name560,Email232@example.com,Phone8667739201,Address378,49,63.4
117797,Name434,Email146@example.com,Phone9051326951,Address873,38,92.87
208356,Name899,Email724@example.com,Phone9099409703,Address676,54,73.57
633322,Name504,Email85@example.com,Phone2030129737,Address270,58,67.54
614210,Name636,Email835@example.com,Phone2902997471,Address200,31,51.09
632359,Name290,Email719@example.com,Phone1540074256,Address801,29,99.07
640670,Name598,Email197@example.com,Phone9142382738,Address310,33,58.96
929587,Name953,Email512@example.com,Phone6035696346,Address884,25,65.2
527365,Name641,Email413@example.com,Phone1684856002,Address999,46,56.52
835961,Name236,Email564@example.com,Phone7017623984,Address342,45,74.95
449232,Name8,Email271@example.com,Phone6627616796,Address3,35,95.49
506128,Name295,Email431@example.com,Phone1616632142,Address798,58,80.72
138458,Name221,Email227@example.com,Phone1384922703,Address596,25,50.07
178644,Name399,Email880@example.com,Phone4447821855,Address671,38,91.69
778295,Name346,Email482@example.com,Phone3713783310,Address177,19,87.86
280063,Name888,Email759@example.com,Phone1675281491,Address767,44,84.79
968504,Name162,Email145@example.com,Phone5128599505,Address757,57,98.25
688806,Name150,Email198@example.com,Phone6225699325,Address713,19,59.59
626883,Name497,Email806@example.com,Phone7136741427,Address687,54,62.61
680320,Name554,Email515@example.com,Phone8003271730,Address929,34,50.49
416702,Name139,Email878@example.com,Phone7488164860,Address640,36,56.19
323553,Name524,Email561@example.com,Phone3679857407,Address750,27,77.82
305440,Name534,Email753@example.com,Phone9775899510,Address530,45,64.28
477954,Name154,Email119@example.com,Phone5655283717,Address428,24,73.78
163594,Name17,Email72@example.com,Phone9672755872,Address790,42,97.56
720505,Name902,Email843@example.com,Phone8638823328,Address479,24,78.42
736553,Name89,Email498@example.com,Phone7381389264,Address618,34,86.28
133910,Name829,Email818@example.com,Phone3464395046,Address694,26,89.87
511302,Name747,Email718@example.com,Phone9758688461,Address790,50,60.04
947899,Name886,Email400@example.com,Phone6600887454,Address549,47,74.91
187436,Name739,Email500@example.com,Phone9097608268,Address521,48,63.67
776677,Name922,Email707@example.com,Phone8778761726,Address149,25,72.85
214368,Name523,Email633@example.com,Phone6071856076,Address588,31,60.43
825243,Name292,Email145@example.com,Phone4533174697,Address778,28,84.09
913955,Name983,Email893@example.com,Phone5146413553,Address830,24,60.68
903606,Name904,Email681@example.com,Phone5717085138,Address154,20,85.39
821402,Name680,Email788@example.com,Phone7149612536,Address753,46,94.46
600748,Name455,Email639@example.com,Phone4198756539,Address909,22,72.29
131576,Name271,Email770@example.com,Phone1691764027,Address245,36,51.08
526751,Name520,Email394@example.com,Phone3560126940,Address205,19,82.3
271008,Name316,Email450@example.com,Phone4181047687,Address87,36,53.75
712251,Name594,Email816@example.com,Phone4701486017,Address6,55,72.2
726824,Name178,Email977@example.com,Phone4061534605,Address930,57,93.34
233904,Name306,Email428@example.com,Phone5959628971,Address257,26,76.32
764064,Name62,Email772@example.com,Phone7990566309,Address589,19,77.7
289343,Name75,Email516@example.com,Phone7639491166,Address992,37,76.39
986070,Name685,Email411@example.com,Phone6757964967,Address974,41,78.71
140749,Name774,Email540@example.com,Phone2674425852,Address863,22,91.29
968586,Name624,Email956@example.com,Phone3615049289,Address418,18,55.78
466601,Name511,Email500@example.com,Phone3121712426,Address599,55,50.46
252283,Name576,Email337@example.com,Phone5132482596,Address596,31,54.09
335027,Name500,Email678@example.com,Phone5241383078,Address605,41,82.76
271077,Name554,Email771@example.com,Phone6702429384,Address480,45,58.2
875491,Name383,Email171@example.com,Phone6231935207,Address881,22,51.14
106111,Name492,Email862@example.com,Phone6879962303,Address17,49,64.85
120394,Name551,Email121@example.com,Phone5459387074,Address848,44,77.81
179199,Name510,Email491@example.com,Phone7395263727,Address790,42,59.3
668563,Name648,Email184@example.com,Phone8539303316,Address488,53,99.45
181430,Name425,Email619@example.com,Phone2853062716,Address120,49,64.76
625448,Name161,Email715@example.com,Phone6810360742,Address932,42,97.86
513577,Name718,Email687@example.com,Phone1187877871,Address763,42,72.41
809516,Name557,Email769@example.com,Phone2888051942,Address361,59,95.67
391629,Name114,Email416@example.com,Phone6985644254,Address750,48,53.99
445625,Name270,Email543@example.com,Phone7395707452,Address721,36,68.49
850903,Name653,Email108@example.com,Phone5868447408,Address538,45,78.1
747183,Name153,Email844@example.com,Phone8219086333,Address262,41,51.14
